,word,count
0,professor,309
1,questions,234
2,easy,218
3,final,189
4,material,180
5,homework,165
6,exams,155
7,good,151
8,time,150
9,midterm,133
10,hours,126
11,ta,122
12,helpful,115
13,tests,113
14,recommend,110
15,quizzes,110
16,hard,107
17,understand,105
18,difficult,104
19,office,98
20,course,98
21,textbook,97
22,grade,93
23,make,92
24,concepts,91
25,week,90
26,midterms,89
27,exam,89
28,definitely,87
29,help,87
30,first,84
31,great,84
32,work,82
33,every,78
34,overall,78
35,dr.,76
36,extra,71
37,practice,71
38,think,71
39,stats,70
40,need,70
41,super,70
42,problems,70
43,everything,69
44,taking,68
45,could,66
46,people,66
47,labs,65
48,best,64
49,bad,63
50,always,63
51,math,62
52,online,62
53,learning,61
54,points,60
55,way,60
56,10,58
57,nice,56
58,study,56
59,taken,55
60,still,55
61,credit,55
62,two,55
63,answer,54
64,long,54
65,lab,54
66,’,54
67,clear,53
68,2,53
69,never,52
70,read,52
71,cha,51
72,ucla,51
73,extremely,50
74,learn,49
75,assignments,49
76,honestly,48
77,weekly,48
78,group,48
79,felt,47
80,launchpad,47
81,want,47
82,cares,47
83,clicker,46
84,``,46
85,'',46
86,classes,46
87,fair,45
88,teaching,45
89,review,44
90,since,44
91,notes,43
92,slides,43
93,highly,43
94,said,42
95,better,42
96,little,42
97,feel,42
98,say,41
99,grading,41
100,participation,40
101,kind,40
102,learned,40
103,high,40
104,fine,40
105,amazing,40
106,put,40
107,lecturer,39
108,professors,39
109,series,39
110,book,39
111,may,39
112,rose,39
113,test,39
114,times,38
115,enough,38
116,reading,38
117,understanding,38
118,especially,37
119,question,37
120,ap,36
121,interesting,36
122,tas,35
123,20,35
124,student,35
125,examples,35
126,bit,35
127,?,35
128,*,35
129,content,35
130,person,34
131,amount,34
132,easier,34
133,covered,34
134,due,34
135,prof,34
136,confusing,33
137,went,33
138,ask,33
139,sometimes,33
140,anything,33
141,school,33
142,thought,32
143,different,32
144,finals,32
145,explain,32
146,5,32
147,basically,32
148,grades,32
149,30,32
150,often,32
151,--,32
152,graded,31
153,fairly,31
154,videos,31
155,average,31
156,'m,31
157,usually,31
158,pires,30
159,teach,30
160,attention,30
161,1,30
162,end,30
163,sanchez,30
164,worksheets,30
165,ever,30
166,second,30
167,similar,30
168,reviews,29
169,probably,29
170,ended,29
171,multiple,29
172,important,29
173,found,29
174,follow,29
175,explaining,28
176,thing,28
177,lowest,28
178,least,28
179,khankan,28
180,based,28
181,pay,27
182,sherry,27
183,flipped,27
184,3,27
185,around,27
186,teacher,27
187,something,27
188,everyone,27
189,find,27
190,helped,26
191,section,26
192,watch,26
193,major,26
194,ls,26
195,far,26
196,day,25
197,venugopal,25
198,coding,25
199,another,25
200,choice,25
201,discussions,25
202,worth,25
203,readings,25
204,deb,24
205,classroom,24
206,last,24
207,...,24
208,might,24
209,15,24
210,use,24
211,straightforward,24
212,complete,24
213,problem,24
214,casey,24
215,harder,24
216,difficulty,23
217,effort,23
218,chemistry,23
219,simple,23
220,attend,23
221,topics,23
222,right,23
223,open,23
224,give,23
225,completely,23
226,biology,22
227,getting,22
228,engaging,22
229,almost,22
230,ge,22
231,ca,22
232,given,22
233,quiz,22
234,answers,22
235,challenging,22
236,studying,22
237,live,21
238,conceptual,21
239,taught,21
240,less,21
241,workload,21
242,project,21
243,tries,21
244,explanations,20
245,stuff,20
246,job,20
247,sessions,20
248,try,20
249,half,20
250,part,20
251,literally,20
252,lee,20
253,chem,20
254,love,20
255,pre-class,20
256,succeed,20
257,hw,20
258,see,20
259,score,19
260,goes,19
261,absolutely,19
262,either,19
263,free,19
264,enjoyed,19
265,gong,19
266,genuinely,19
267,curve,19
268,weeks,19
269,although,19
270,relatively,19
271,someone,19
272,concept,18
273,write,18
274,ccle,18
275,short,18
276,prof.,18
277,dropped,18
278,actual,18
279,entire,18
280,knowledge,18
281,wo,18
282,fun,18
283,confused,18
284,quite,18
285,whole,18
286,cladek,18
287,attendance,18
288,along,17
289,care,17
290,pandemic,17
291,minutes,17
292,full,17
293,hour,17
294,'d,17
295,proofs,17
296,miss,17
297,doable,17
298,opinion,17
299,100,17
300,lots,17
301,sections,17
302,straight,17
303,assignment,17
304,rather,17
305,mostly,17
306,takes,16
307,explains,16
308,watching,16
309,already,16
310,resources,16
311,come,16
312,prepared,16
313,means,16
314,gave,16
315,others,16
316,seems,16
317,possible,16
318,fact,16
319,v,16
320,sheet,16
321,asked,15
322,tell,15
323,used,15
324,emails,15
325,matter,15
326,allowed,15
327,terms,15
328,talk,15
329,came,15
330,statistics,15
331,waste,15
332,instead,15
333,experience,15
334,format,15
335,worst,15
336,making,15
337,done,15
338,previous,14
339,new,14
340,point,14
341,seem,14
342,written,14
343,decent,14
344,trying,14
345,mistakes,14
346,anyone,14
347,general,14
348,personally,14
349,required,14
350,without,14
351,etc,14
352,reviewing,14
353,okay,14
354,90,14
355,start,14
356,easily,14
357,posted,14
358,assigned,14
359,paper,14
360,fast,14
361,7a,13
362,able,13
363,answering,13
364,subject,13
365,linear,13
366,33a,13
367,useless,13
368,compared,13
369,reason,13
370,science,13
371,loved,13
372,couple,13
373,back,13
374,year,13
375,heard,13
376,algebra,13
377,look,13
378,curved,13
379,coming,13
380,recorded,13
381,information,13
382,friends,13
383,style,12
384,provided,12
385,optional,12
386,topic,12
387,knows,12
388,worksheet,12
389,college,12
390,provide,12
391,ones,12
392,completion,12
393,funny,12
394,useful,12
395,yes,12
396,situation,12
397,excellent,12
398,spend,12
399,a.,12
400,wants,12
401,case,12
402,simply,12
403,unless,12
404,clearly,12
405,generally,12
406,organized,12
407,away,12
408,tricky,12
409,calculus,12
410,manageable,12
411,4,12
412,ls7a,12
413,level,12
414,later,12
415,generous,12
416,spent,12
417,set,11
418,per,11
419,behind,11
420,asking,11
421,note,11
422,exactly,11
423,explained,11
424,independent,11
425,expected,11
426,wish,11
427,attending,11
428,life,11
429,scores,11
430,otherwise,11
431,word,11
432,sense,11
433,copy,11
434,$,11
435,a-,11
436,50,11
437,show,11
438,apply,11
439,low,11
440,offers,11
441,guide,11
442,code,11
443,tough,11
444,caring,11
445,drops,11
446,barely,11
447,scheme,11
448,freshman,11
449,let,11
450,needed,11
451,necessary,11
452,terrible,11
453,reasonable,11
454,heavy,11
455,obviously,11
456,carter,11
457,favorite,10
458,correct,10
459,fall,10
460,<,10
461,step,10
462,incredibly,10
463,sweet,10
464,future,10
465,recommended,10
466,writing,10
467,provides,10
468,offered,10
469,essentially,10
470,ls30a,10
471,horrible,10
472,keep,10
473,chance,10
474,despite,10
475,materials,10
476,told,10
477,summer,10
478,kinda,10
479,thank,10
480,wrong,10
481,coronavirus,10
482,•,10
483,courses,10
484,approachable,10
485,enjoy,10
486,accent,10
487,talking,10
488,must,10
489,drop,10
490,busy,10
491,board,10
492,small,9
493,basic,9
494,opportunity,9
495,c,9
496,responses,9
497,helps,9
498,b,9
499,truly,9
500,strong,9
501,knew,9
502,system,9
503,minute,9
504,huge,9
505,expect,9
506,10/10,9
507,started,9
508,thoroughly,9
509,believe,9
510,pts-,9
511,knowledgeable,9
512,next,9
513,absolute,9
514,groups,9
515,leave,9
516,lol,9
517,awesome,9
518,whether,9
519,beginning,9
520,covid,9
521,example,9
522,type,9
523,prepare,9
524,single,9
525,else,9
526,boring,9
527,text,9
528,teaches,9
529,iclicker,9
530,portion,9
531,willing,9
532,negative,9
533,details,9
534,using,9
535,early,9
536,7,9
537,spends,9
538,mandatory,9
539,[,8
540,],8
541,finish,8
542,cheat,8
543,maybe,8
544,speak,8
545,solid,8
546,bruinwalk,8
547,calculator,8
548,proof,8
549,email,8
550,three,8
551,seemed,8
552,days,8
553,physics,8
554,individual,8
555,normal,8
556,conley,8
557,depth,8
558,addition,8
559,background,8
560,passed,8
561,b+,8
562,informative,8
563,big,8
564,needs,8
565,stay,8
566,received,8
567,rest,8
568,2020,8
569,accommodating,8
570,left,8
571,easiest,8
572,figure,8
573,r,8
574,detail,8
575,winter,8
576,concerned,8
577,awful,8
578,bio,8
579,worked,8
580,crazy,8
581,covid-19,8
582,25,8
583,poorly,8
584,luck,8
585,gets,8
586,quickly,8
587,partially,8
588,wanted,8
589,seriously,8
590,mind,8
591,teachers,8
592,collaborative,8
593,nothing,8
594,heavily,8
595,number,8
596,looking,8
597,old,8
598,stem,8
599,understandable,8
600,selling,7
601,regret,7
602,pointless,7
603,within,7
604,biggest,7
605,ls7,7
606,receive,7
607,explanation,7
608,seen,7
609,alexandrova,7
610,rely,7
611,majority,7
612,idea,7
613,total,7
614,surveys,7
615,45,7
616,order,7
617,pass,7
618,knowing,7
619,patient,7
620,lecturing,7
621,guess,7
622,page,7
623,morris-wright,7
624,8,7
625,trust,7
626,friendly,7
627,completed,7
628,besides,7
629,opportunities,7
630,queen,7
631,add,7
632,structure,7
633,posts,7
634,random,7
635,14a,7
636,real,7
637,syllabus,7
638,garfinkel,7
639,oh,7
640,ways,7
641,certain,7
642,ideas,7
643,throughout,7
644,lavine,7
645,assigns,7
646,covers,7
647,suggest,7
648,tells,7
649,submit,7
650,require,7
651,40,7
652,slightly,7
653,true,7
654,cool,7
655,studied,7
656,las,7
657,giving,7
658,late,7
659,unclear,7
660,entirely,7
661,memorization,7
662,luckily,7
663,choose,7
664,6,7
665,cover,7
666,stat,7
667,perfect,7
668,somewhat,7
669,puts,7
670,struggled,7
671,english,7
672,60,7
673,understood,6
674,memorize,6
675,movies,6
676,scale,6
677,calc,6
678,support,6
679,process,6
680,film,6
681,foundation,6
682,positive,6
683,asynchronous,6
684,matters,6
685,working,6
686,room,6
687,added,6
688,attended,6
689,homeworks,6
690,synchronous,6
691,response,6
692,outside,6
693,quality,6
694,harsh,6
695,instructor,6
696,struggle,6
697,light,6
698,requires,6
699,majors,6
700,thinks,6
701,considering,6
702,30a,6
703,break,6
704,testing,6
705,god,6
706,agree,6
707,appreciate,6
708,answered,6
709,smart,6
710,top,6
711,writes,6
712,info,6
713,clickers,6
714,115a,6
715,understands,6
716,mcevoy,6
717,hazel,6
718,lost,6
719,hand,6
720,says,6
721,attempts,6
722,favor,6
723,available,6
724,mentioned,6
725,zoom,6
726,objectives,6
727,mean,6
728,tends,6
729,24,6
730,listening,6
731,cumulative,6
732,sharmila,6
733,tested,6
734,applications,6
735,formula,6
736,groupwork,6
737,ultimately,6
738,cut,6
739,team,6
740,bother,6
741,change,6
742,avoid,6
743,lack,6
744,manual,6
745,liked,6
746,yet,6
747,pdf,6
748,correctness,6
749,parts,6
750,depending,6
751,detailed,6
752,guides,5
753,department,5
754,count,5
755,except,5
756,side,5
757,projects,5
758,longer,5
759,forward,5
760,sent,5
761,vague,5
762,spending,5
763,large,5
764,typically,5
765,directly,5
766,dr,5
767,constantly,5
768,true/false,5
769,anyway,5
770,self,5
771,glad,5
772,anxiety,5
773,sheets,5
774,clc,5
775,incredible,5
776,equations,5
777,realize,5
778,bank,5
779,instructions,5
780,enrolled,5
781,exercises,5
782,personal,5
783,talks,5
784,session,5
785,greatly,5
786,beware,5
787,films,5
788,hated,5
789,frequently,5
790,feedback,5
791,changed,5
792,wonderful,5
793,breakdown,5
794,ton,5
795,main,5
796,mathematics,5
797,thus,5
798,complex,5
799,70,5
800,video,5
801,ghez,5
802,errors,5
803,computational,5
804,solutions,5
805,catch,5
806,watched,5
807,yeah,5
808,together,5
809,lenient,5
810,held,5
811,happy,5
812,talked,5
813,anyways,5
814,condescending,5
815,version,5
816,lucky,5
817,interested,5
818,forget,5
819,polls,5
820,costs,5
821,concise,5
822,dont,5
823,numbers,5
824,dumb,5
825,regular,5
826,saved,5
827,gotten,5
828,comes,5
829,75,5
830,stick,5
831,fill,5
832,meant,5
833,formulas,5
834,supposed,5
835,include,5
836,frustrating,5
837,harshly,5
838,papers,5
839,stopped,5
840,+,5
841,poll,5
842,reader,5
843,averages,5
844,20a,5
845,friend,5
846,stop,5
847,spring,5
848,instructors,5
849,finished,5
850,stress,5
851,repeats,5
852,prior,5
853,issues,5
854,beyond,5
855,dense,5
856,fully,5
857,impossible,5
858,shows,5
859,stressful,5
860,check,5
861,mainly,5
862,conceptually,5
863,managed,5
864,completing,5
865,structured,5
866,clarify,5
867,requirement,5
868,in-depth,5
869,four,4
870,breeze,4
871,nearly,4
872,humor,4
873,7b,4
874,applying,4
875,lesson,4
876,unfortunately,4
877,presentation,4
878,model,4
879,sort,4
880,uploaded,4
881,totally,4
882,mcdb,4
883,education,4
884,deserve,4
885,advantage,4
886,listen,4
887,phase,4
888,activities,4
889,accommodations,4
890,owl,4
891,related,4
892,years,4
893,reinforce,4
894,issue,4
895,environment,4
896,a+,4
897,attitude,4
898,move,4
899,advice,4
900,wording,4
901,effective,4
902,situations,4
903,everybody,4
904,interactive,4
905,options,4
906,supplement,4
907,ls30,4
908,sit,4
909,strict,4
910,accessible,4
911,scheduled,4
912,boost,4
913,lady,4
914,rarely,4
915,concern,4
916,bruin,4
917,clarification,4
918,somehow,4
919,9,4
920,carefully,4
921,key,4
922,pena,4
923,clarity,4
924,worse,4
925,doubt,4
926,pace,4
927,self-study,4
928,health,4
929,bunch,4
930,sign,4
931,tldr,4
932,head,4
933,speed,4
934,close,4
935,news,4
936,pre-recorded,4
937,discouraged,4
938,engaged,4
939,midterm/final,4
940,examinations,4
941,la,4
942,paying,4
943,therapy,4
944,3-4,4
945,mistake,4
946,missed,4
947,showing,4
948,additional,4
949,naturally,4
950,tons,4
951,quarters,4
952,past,4
953,bored,4
954,weekend,4
955,worried,4
956,equally,4
957,ends,4
958,reach,4
959,place,4
960,poor,4
961,incorrect,4
962,period,4
963,100a,4
964,80,4
965,hate,4
966,across,4
967,resource,4
968,stupid,4
969,feeling,4
970,annoying,4
971,schemes,4
972,finally,4
973,curriculum,4
974,gpa,4
975,paid,4
976,woman,4
977,name,4
978,recordings,4
979,greatest,4
980,effectively,4
981,campus,4
982,near,4
983,saying,4
984,honest,4
985,afraid,4
986,benefit,4
987,essay,4
988,applied,4
989,focus,4
990,practically,4
991,worry,4
992,home,4
993,call,4
994,pick,4
995,significantly,4
996,bring,4
997,hope,4
998,unreasonable,4
999,showed,4
1000,thursday,4
1001,approach,4
1002,creative,4
1003,wait,4
1004,program,4
1005,proper,4
1006,middle,4
1007,memorizing,4
1008,academic,4
1009,uses,4
1010,disorganized,4
1011,occasionally,4
1012,types,4
1013,loves,4
1014,relevant,4
1015,allows,4
1016,additionally,4
1017,u,4
1018,35,4
1019,whenever,4
1020,percent,4
1021,skim,4
1022,hopefully,4
1023,enjoyable,4
1024,confusion,4
1025,planned,4
1026,several,4
1027,buy,4
1028,bc,4
1029,designed,4
1030,soul,4
1031,regarding,4
1032,trice,4
1033,instruction,4
1034,brain,4
1035,lower,4
1036,deeply,4
1037,assign,4
1038,cells,4
1039,thinking,4
1040,movie,3
1041,dedication,3
1042,expectations,3
1043,2-3,3
1044,prefer,3
1045,released,3
1046,following,3
1047,looked,3
1048,stories,3
1049,criticism,3
1050,university,3
1051,thorough,3
1052,importantly,3
1053,w,3
1054,happened,3
1055,enthusiastic,3
1056,submission,3
1057,increasingly,3
1058,clarifying,3
1059,bet,3
1060,called,3
1061,telling,3
1062,rude,3
1063,in-class,3
1064,horror,3
1065,tried,3
1066,visualize,3
1067,words,3
1068,prompt,3
1069,counts,3
1070,wang,3
1071,russian,3
1072,khan,3
1073,principles,3
1074,debra,3
1075,aced,3
1076,bruincast,3
1077,focuses,3
1078,please,3
1079,hands,3
1080,convoluted,3
1081,guard,3
1082,ahead,3
1083,sitting,3
1084,academy,3
1085,8am,3
1086,reviewers,3
1087,pros,3
1088,struggling,3
1089,perhaps,3
1090,quantum,3
1091,walk,3
1092,passionate,3
1093,starts,3
1094,aspect,3
1095,mental,3
1096,imo,3
1097,reviewed,3
1098,lose,3
1099,distracting,3
1100,happen,3
1101,comparison,3
1102,draw,3
1103,pages,3
1104,seats,3
1105,thats,3
1106,surface,3
1107,furthermore,3
1108,flaws,3
1109,affect,3
1110,figuring,3
1111,statistical,3
1112,joke,3
1113,>,3
1114,procrastinate,3
1115,essential,3
1116,updating,3
1117,peers,3
1118,disliked,3
1119,nitpicky,3
1120,tool,3
1121,dependent,3
1122,seeing,3
1123,raise,3
1124,trauma,3
1125,32a,3
1126,build,3
1127,lecturers,3
1128,unnecessary,3
1129,freaked,3
1130,chat,3
1131,feels,3
1132,window,3
1133,senate,3
1134,book/note,3
1135,collaboration,3
1136,consist,3
1137,youtube,3
1138,keeping,3
1139,reasoning,3
1140,idk,3
1141,stuck,3
1142,leading,3
1143,convinced,3
1144,complicated,3
1145,heart,3
1146,mastery,3
1147,skipped,3
1148,minimal,3
1149,appreciated,3
1150,7c,3
1151,conclusion,3
1152,providing,3
1153,continue,3
1154,list,3
1155,unhelpful,3
1156,shut,3
1157,varied,3
1158,remember,3
1159,instructional,3
1160,intelligent,3
1161,earlier,3
1162,weighted,3
1163,wrap,3
1164,fan,3
1165,quizzes/tests,3
1166,basics,3
1167,ec,3
1168,higher,3
1169,cons,3
1170,focused,3
1171,confident,3
1172,prado,3
1173,preparation,3
1174,attempt,3
1175,self-teaching,3
1176,distribution,3
1177,helping,3
1178,regards,3
1179,application,3
1180,quizes,3
1181,1-2,3
1182,towards,3
1183,remote,3
1184,consisted,3
1185,venogupal,3
1186,adequately,3
1187,b.,3
1188,dr.v,3
1189,eventually,3
1190,ls30b,3
1191,mention,3
1192,ur,3
1193,die,3
1194,ass,3
1195,slow,3
1196,statements,3
1197,therefore,3
1198,ridiculous,3
1199,well-being,3
1200,92,3
1201,maximum,3
1202,kept,3
1203,arts,3
1204,twice,3
1205,/,3
1206,definitions,3
1207,option,3
1208,worded,3
1209,emphasizes,3
1210,expecting,3
1211,overwhelming,3
1212,busywork,3
1213,48,3
1214,works,3
1215,dropping,3
1216,handful,3
1217,na,3
1218,scenarios,3
1219,spot,3
1220,research,3
1221,missing,3
1222,16,3
1223,sets,3
1224,c+,3
1225,biological,3
1226,questioning,3
1227,responds,3
1228,likely,3
1229,nervous,3
1230,critical,3
1231,beforehand,3
1232,ease,3
1233,q,3
1234,tedious,3
1235,mixed,3
1236,ben,3
1237,stresses,3
1238,typos,3
1239,electric,3
1240,31b,3
1241,pain,3
1242,ability,3
1243,satisfy,3
1244,amid,3
1245,chapter,3
1246,power,3
1247,post,3
1248,setting,3
1249,turned,3
1250,comment,3
1251,form,3
1252,false,3
1253,hear,3
1254,hr,3
1255,perspective,3
1256,thrown,3
1257,recall,3
1258,sean,3
1259,line,3
1260,careful,3
1261,repeat,3
1262,handled,3
1263,rubric,3
1264,alot,3
1265,challenge,3
1266,studies,3
1267,gripe,3
1268,highschool,3
1269,front,3
1270,hey,3
1271,passing,3
1272,politics,3
1273,intro,3
1274,hrs,3
1275,core,3
1276,powerpoints,3
1277,trick,3
1278,grasp,3
1279,screwed,3
1280,including,3
1281,yell,3
1282,bottom,3
1283,click,3
1284,flipped-classroom,3
1285,engineer,3
1286,disability,3
1287,notation,3
1288,bs,3
1289,incoming,3
1290,participate,3
1291,ratings,3
1292,hurt,3
1293,convenient,3
1294,lives,3
1295,quizlet,3
1296,equivalent,3
1297,ethical,3
1298,digestible,3
1299,personality,3
1300,marks,3
1301,became,3
1302,suck,3
1303,run,3
1304,involved,3
1305,plain,2
1306,check-ups,2
1307,shocked,2
1308,intentional,2
1309,lacked,2
1310,goodness,2
1311,creating,2
1312,graders,2
1313,become,2
1314,insanely,2
1315,noticed,2
1316,coursework,2
1317,meaningful,2
1318,thick,2
1319,rushes,2
1320,protected,2
1321,surprise,2
1322,bearable,2
1323,price,2
1324,relied,2
1325,coded,2
1326,pop,2
1327,plf,2
1328,contradicted,2
1329,excited,2
1330,.the,2
1331,offer,2
1332,pulled,2
1333,complaint,2
1334,deal,2
1335,derivatives,2
1336,sweetest,2
1337,determined,2
1338,300,2
1339,unlimited,2
1340,emphasis,2
1341,85,2
1342,v.,2
1343,cram,2
1344,interact,2
1345,afterwards,2
1346,fathom,2
1347,actively,2
1348,comments,2
1349,hosting,2
1350,faculty,2
1351,guarantee,2
1352,20-25,2
1353,balance,2
1354,sufficient,2
1355,fairness,2
1356,equity,2
1357,handed,2
1358,includes,2
1359,recap,2
1360,ok,2
1361,addressed,2
1362,unlike,2
1363,speeds,2
1364,shown,2
1365,purpose,2
1366,functions,2
1367,push,2
1368,berating,2
1369,consuming,2
1370,altogether,2
1371,method,2
1372,complaints,2
1373,mini,2
1374,forgetting,2
1375,lastly,2
1376,sad,2
1377,trickier,2
1378,soon,2
1379,struggles,2
1380,sounds,2
1381,world,2
1382,ready,2
1383,hesitate,2
1384,prereq,2
1385,quote,2
1386,community,2
1387,sunday,2
1388,jaffe,2
1389,wonder,2
1390,absurd,2
1391,nevertheless,2
1392,evaluations,2
1393,beautifully,2
1394,prorating,2
1395,ti-84,2
1396,graphing,2
1397,tuition,2
1398,weird,2
1399,prep,2
1400,disclaimer,2
1401,thankful,2
1402,unorganized,2
1403,access,2
1404,mark,2
1405,moves,2
1406,95,2
1407,badly,2
1408,load,2
1409,wan,2
1410,trouble,2
1411,mouth,2
1412,rana,2
1413,forced,2
1414,society,2
1415,tips,2
1416,filled,2
1417,rules,2
1418,..,2
1419,meaning,2
1420,walks,2
1421,brief,2
1422,helpfulness,2
1423,results,2
1424,accuracy,2
1425,counted,2
1426,muscles,2
1427,movement,2
1428,discussed,2
1429,methodology,2
1430,ab,2
1431,plus,2
1432,save,2
1433,tas/las,2
1434,haha,2
1435,textbooks,2
1436,insane,2
1437,hearing,2
1438,asleep,2
1439,success,2
1440,dr.venogupal,2
1441,upon,2
1442,commitment,2
1443,sucks,2
1444,accomodating,2
1445,calm,2
1446,offering,2
1447,....,2
1448,deserved,2
1449,collaborate,2
1450,speaking,2
1451,confuses,2
1452,face,2
1453,advance,2
1454,bruincasts,2
1455,tutor,2
1456,absorbed,2
1457,wiggle,2
1458,straight-forward,2
1459,lets,2
1460,bonus,2
1461,painful,2
1462,opposed,2
1463,focusing,2
1464,simplest,2
1465,lecture-,2
1466,voice,2
1467,theoretical,2
1468,avoiding,2
1469,profs,2
1470,clarifies,2
1471,32b,2
1472,proof-based,2
1473,applies,2
1474,lead,2
1475,bright,2
1476,sorry,2
1477,toughest,2
1478,‘,2
1479,midterms/final,2
1480,fail,2
1481,sound,2
1482,perspectives,2
1483,systems,2
1484,plenty,2
1485,centering,2
1486,complained,2
1487,encourages,2
1488,lifesaver,2
1489,summary,2
1490,time-consuming,2
1491,thanks,2
1492,programming,2
1493,introduction,2
1494,obligation,2
1495,skills,2
1496,prorate,2
1497,self-studying,2
1498,wellbeing,2
1499,upper,2
1500,genius,2
1501,switch,2
1502,div,2
1503,adequate,2
1504,calculations,2
1505,dreaded,2
1506,pleasant,2
1507,legend,2
1508,beauty,2
1509,picture,2
1510,well.the,2
1511,hating,2
1512,midterms/finals,2
1513,virtually,2
1514,stressed,2
1515,technically,2
1516,uas,2
1517,track,2
1518,laura,2
1519,chem14ae,2
1520,jokes,2
1521,plans,2
1522,loses,2
1523,joined,2
1524,caught,2
1525,well-spoken,2
1526,develop,2
1527,cleared,2
1528,learnt,2
1529,man,2
1530,prerecorded,2
1531,vibes,2
1532,necessarily,2
1533,master,2
1534,cheating,2
1535,reply,2
1536,respected,2
1537,aka,2
1538,met,2
1539,tbh,2
1540,closely,2
1541,min,2
1542,refer,2
1543,cared,2
1544,anytime,2
1545,chill,2
1546,marked,2
1547,claims,2
1548,selected,2
1549,randomly,2
1550,3-week,2
1551,wire,2
1552,meet,2
1553,mine,2
1554,depends,2
1555,neither,2
1556,realizing,2
1557,yep,2
1558,wise,2
1559,nicely,2
1560,stayed,2
1561,pts,2
1562,cell,2
1563,perfectly,2
1564,judge,2
1565,anatomy,2
1566,appears,2
1567,godsend,2
1568,greater,2
1569,reputation,2
1570,involve,2
1571,dates,2
1572,energy,2
1573,none,2
1574,specific,2
1575,55,2
1576,sig,2
1577,chen,2
1578,friday,2
1579,200,2
1580,grad,2
1581,tuesday,2
1582,65,2
1583,social,2
1584,immediately,2
1585,93,2
1586,decision,2
1587,properly,2
1588,diagrams,2
1589,privilege,2
1590,distress,2
1591,hates,2
1592,mathematical,2
1593,replaced,2
1594,pursue,2
1595,pull,2
1596,intended,2
1597,basis,2
1598,turn,2
1599,hero,2
1600,split,2
1601,fresh,2
1602,letting,2
1603,104,2
1604,epidemic,2
1605,enthusiasm,2
1606,guidance,2
1607,appropriate,2
1608,2nd,2
1609,strongly,2
1610,pg,2
1611,dance,2
1612,gs,2
1613,begin,2
1614,urself,2
1615,preparing,2
1616,included,2
1617,disease,2
1618,colors,2
1619,intense,2
1620,scored,2
1621,website,2
1622,modern,2
1623,moving,2
1624,buying,2
1625,treat,2
1626,freaking,2
1627,literal,2
1628,match,2
1629,interests,2
1630,chunks,2
1631,thoughts,2
1632,theory,2
1633,derivations,2
1634,favorites,2
1635,untimed,2
1636,techniques,2
1637,3d,2
1638,shit,2
1639,led,2
1640,unsure,2
1641,warning,2
1642,tangible,2
1643,comfortable,2
1644,reference,2
1645,double,2
1646,filling,2
1647,evaluation,2
1648,speaks,2
1649,frequent,2
1650,statement,2
1651,nerve,2
1652,body,2
1653,sounded,2
1654,particular,2
1655,discussing,2
1656,saving,2
1657,limit,2
1658,abstract,2
1659,regardless,2
1660,grilled,2
1661,tl,2
1662,precise,2
1663,piece,2
1664,skip,2
1665,chose,2
1666,terribly,2
1667,attest,2
1668,assumes,2
1669,manage,2
1670,'em,2
1671,peer,2
1672,considerate,2
1673,guaranteed,2
1674,digest,2
1675,methods,2
1676,essays,2
1677,deep,2
1678,inaccessible,2
1679,vibe,2
1680,presented,2
1681,10.,2
1682,scerri,2
1683,cuz,2
1684,forums,2
1685,first-time,2
1686,i.e,2
1687,one-sided,2
1688,waitlist,2
1689,120,2
1690,slack,2
1691,2021,2
1692,respect,2
1693,walking,2
1694,pefect,2
1695,money,2
1696,discovered,2
1697,continued,2
1698,direction,2
1699,reflection,2
1700,engagement,2
1701,2x,2
1702,encountered,2
1703,waiting,2
1704,vast,2
1705,naoz,2
1706,processes,2
1707,act,2
1708,events,2
1709,hit,2
1710,reqs,2
1711,imagine,2
1712,breaking,2
1713,im,2
1714,molecular,2
1715,capacity,2
1716,comprehend,2
1717,former,2
1718,unnecessarily,2
1719,responsive,2
1720,python,2
1721,scales,2
1722,semester,2
1723,edition,2
1724,caram,2
1725,pre-lab,2
1726,highest,2
1727,crowded,2
1728,12.5,2
1729,weeder,2
1730,encouraged,2
1731,classmates,2
1732,messed,2
1733,population,2
1734,carrying,2
1735,human,2
1736,largely,2
1737,chapters,2
1738,remaining,2
1739,story,2
1740,adapted,2
1741,computer,2
1742,receptive,2
1743,computation,2
1744,adjusted,2
1745,intention,2
1746,wake,2
1747,morris,2
1748,fallen,2
1749,ample,2
1750,accurate,2
1751,matilda,2
1752,consistently,2
1753,frustrated,2
1754,appreciation,2
1755,hindsight,2
1756,chem14a,2
1757,cause,2
1758,engage,2
1759,mins,2
1760,allow,2
1761,emphasize,2
1762,200+,2
1763,gradescope,2
1764,10-15,2
1765,portions,2
1766,https,2
1767,identical,2
1768,consists,2
1769,third,2
1770,closed,2
1771,4-5,2
1772,discuss,2
1773,questions/practice,2
1774,rows,2
1775,monitoring,2
1776,amusing,2
1777,subscription,2
1778,obvious,2
1779,curves,2
1780,breaks,2
1781,rent,2
1782,unfair,2
1783,six,2
1784,hardest,2
1785,known,2
1786,surprisingly,2
1787,mirror,2
1788,night,2
1789,suffer,2
1790,consideration,2
1791,pearson,2
1792,endless,2
1793,chem14,2
1794,toward,2
1795,doesnt,2
1796,skipping,2
1797,★★★☆,2
1798,internet,2
1799,105d,2
1800,nuts,2
1801,event,2
1802,selection,2
1803,underlying,2
1804,collected,2
1805,illegible,2
1806,curveballs,2
1807,surprising,2
1808,meetings,2
1809,fantastic,2
1810,unprepared,2
1811,pyle,2
1812,ten,2
1813,appear,2
1814,accommodate,2
1815,communicated,2
1816,responded,2
1817,anywhere,2
1818,solution,2
1819,regard,2
1820,cry,2
1821,category,2
1822,anticipate,2
1823,adjust,2
1824,83,2
1825,regularly,2
1826,bone-crushingly,2
1827,ran,2
1828,corona,2
1829,ok.,2
1830,64,2
1831,earned,2
1832,suggestion,2
1833,rating,2
1834,whoever,2
1835,genuine,2
1836,crammed,2
1837,leaving,2
1838,credit-,2
1839,scribbles,2
1840,percentage,2
1841,perform,2
1842,suggested,2
1843,million,2
1844,responsibility,2
1845,slowly,2
1846,dedicated,2
1847,followed,2
1848,cough,2
1849,planet,2
1850,procedures,2
1851,underrated,2
1852,holds,2
1853,anal,2
1854,arrange,2
1855,equation,2
1856,survey,2
1857,currently,2
1858,transfer,2
1859,nicest,2
1860,hypothesis,1
1861,to/engaging,1
1862,quicker/helpful,1
1863,generously,1
1864,unit,1
1865,upper-division,1
1866,losing,1
1867,categories,1
1868,workings,1
1869,professor.~i,1
1870,tend,1
1871,.however,1
1872,shortcomings,1
1873,uber-geniuses,1
1874,physical,1
1875,terrence,1
1876,waaaay,1
1877,neat.~the,1
1878,lifetime,1
1879,tricks,1
1880,sense.that,1
1881,mere,1
1882,friendliest,1
1883,doing.the,1
1884,noting,1
1885,medium-hard,1
1886,/final,1
1887,it.overall,1
1888,decently,1
1889,crisis,1
1890,mercifully,1
1891,reteach,1
1892,mortal,1
1893,eigenvectors,1
1894,a/b,1
1895,bothered,1
1896,myth,1
1897,consulting,1
1898,hours.~professor,1
1899,rambling,1
1900,asks,1
1901,foremost,1
1902,professor.~also,1
1903,pause,1
1904,pre-written,1
1905,preparedness,1
1906,linked,1
1907,32a/b,1
1908,tao,1
1909,theorems,1
1910,wondered,1
1911,strengths,1
1912,ranged,1
1913,.not,1
1914,logistical,1
1915,automatically,1
1916,foresee,1
1917,forgot,1
1918,edit,1
1919,insightful,1
1920,underpinnings,1
1921,essence,1
1922,3blue1brown,1
1923,extracurricular,1
1924,multiplications,1
1925,matrix,1
1926,symbolab,1
1927,plug,1
1928,date,1
1929,nuisance,1
1930,insights,1
1931,conceptuals,1
1932,structurally,1
1933,algorithm,1
1934,problem-solving,1
1935,realised,1
1936,irritating,1
1937,initially,1
1938,reserved,1
1939,family,1
1940,competition,1
1941,intrusive,1
1942,math33a,1
1943,31.25,1
1944,18.75,1
1945,accordingly,1
1946,default,1
1947,fields,1
1948,goddess,1
1949,afforded,1
1950,wright,1
1951,reflected,1
1952,shorter,1
1953,items,1
1954,amounts,1
1955,excessive,1
1956,exceeded,1
1957,penalize,1
1958,groupworks,1
1959,help/clarification,1
1960,superior,1
1961,admittedly,1
1962,blanks,1
1963,expanding,1
1964,notify,1
1965,opinions,1
1966,whatnot,1
1967,distributions,1
1968,describe,1
1969,priori,1
1970,rewatch,1
1971,rocked,1
1972,transition,1
1973,thankfully,1
1974,jarman,1
1975,saw,1
1976,computations,1
1977,fundamentals,1
1978,commonly,1
1979,articulate,1
1980,appointment,1
1981,erase,1
1982,compare,1
1983,assume,1
1984,entertaining,1
1985,5k,1
1986,roasted,1
1987,chegg,1
1988,dude,1
1989,rewind,1
1990,seconds,1
1991,utilize,1
1992,terrified,1
1993,solidify,1
1994,fix,1
1995,welcomed,1
1996,convention,1
1997,visually,1
1998,liking,1
1999,succinct,1
2000,clearest,1
2001,de-emphasizes,1
2002,blessing,1
2003,pre-lecture,1
2004,and/or,1
2005,w/,1
2006,correspond,1
2007,adore,1
2008,current,1
2009,illustration,1
2010,pre-lec,1
2011,flipped-course,1
2012,originally,1
2013,relearn,1
2014,whose,1
2015,practices,1
2016,11/10,1
2017,welcoming,1
2018,cap,1
2019,proud,1
2020,translates,1
2021,keys,1
2022,correlated,1
2023,knowledgable,1
2024,connected,1
2025,hauled,1
2026,burnt,1
2027,non-online,1
2028,professor.required,1
2029,reverse,1
2030,enjoying,1
2031,slots,1
2032,easy-to-earn,1
2033,retakes,1
2034,various,1
2035,assuming,1
2036,coherently,1
2037,inadequately,1
2038,played,1
2039,supplemented,1
2040,glorified,1
2041,starting,1
2042,concisely,1
2043,throughly,1
2044,10-12,1
2045,proportion,1
2046,practice/previous,1
2047,71,1
2048,downs,1
2049,beneficial,1
2050,says.-,1
2051,practiced,1
2052,that.-,1
2053,flustered,1
2054,define,1
2055,cladek-style,1
2056,tended,1
2057,solely,1
2058,significance,1
2059,patchy,1
2060,wayyy,1
2061,pro,1
2062,elsewhere,1
2063,notes/lectures,1
2064,conceptual/definitional,1
2065,non-math,1
2066,notes/textbook,1
2067,over/explain,1
2068,tbhhhhh,1
2069,easy-,1
2070,maximumly,1
2071,contribute,1
2072,operates,1
2073,preface,1
2074,nightmare,1
2075,wanted/needed,1
2076,multiple-choice,1
2077,solved,1
2078,allotted,1
2079,lasted,1
2080,infinite,1
2081,proved,1
2082,resolved,1
2083,campuswire,1
2084,platforms,1
2085,crashcourse,1
2086,soooo,1
2087,retake,1
2088,btw,1
2089,rhythm,1
2090,pre,1
2091,inverted,1
2092,times.she,1
2093,well.i,1
2094,confusions.the,1
2095,20-30,1
2096,base,1
2097,schools,1
2098,unfortunate,1
2099,85-93,1
2100,noticeably,1
2101,extended,1
2102,trial,1
2103,directional,1
2104,low-stakes,1
2105,class.overall,1
2106,end-of-chapter,1
2107,soft,1
2108,view,1
2109,brevity,1
2110,value,1
2111,sincerely,1
2112,error,1
2113,dissatisfied,1
2114,cheated,1
2115,4.5k,1
2116,watch/attend,1
2117,classes.i,1
2118,balanced,1
2119,glowing,1
2120,smoothly,1
2121,actions,1
2122,punish,1
2123,disrespectful,1
2124,1800,1
2125,tuesdays,1
2126,biweekly,1
2127,thursdays,1
2128,irritated,1
2129,hs,1
2130,whiz,1
2131,dislike,1
2132,qualify,1
2133,graph,1
2134,unneccessarily,1
2135,aloof,1
2136,communicate,1
2137,driving,1
2138,scatter-brained,1
2139,scribble,1
2140,pattern,1
2141,relationship,1
2142,chalkboard,1
2143,buoy,1
2144,0.3,1
2145,slammed,1
2146,retentive,1
2147,killer,1
2148,statistics-uninclined,1
2149,off-topic,1
2150,oftentimes,1
2151,caveat,1
2152,99-103,1
2153,kill,1
2154,probability,1
2155,scale/policies,1
2156,inefficient,1
2157,mon+fri,1
2158,everywhere,1
2159,mediocre,1
2160,handouts,1
2161,resort,1
2162,throw,1
2163,yield,1
2164,⅓,1
2165,wednesdays,1
2166,summarizing,1
2167,prepares,1
2168,courseware,1
2169,mit,1
2170,banks,1
2171,blame,1
2172,schrodinger,1
2173,high-level,1
2174,adn,1
2175,rekt,1
2176,trash,1
2177,snap,1
2178,mentions,1
2179,energenic,1
2180,derrick,1
2181,mechanics,1
2182,paused,1
2183,esfandiari,1
2184,lew,1
2185,dreadful,1
2186,nit-picky,1
2187,thing-,1
2188,sanquez,1
2189,ridiculously,1
2190,specifically,1
2191,awake,1
2192,offbeat,1
2193,ultimate,1
2194,annie-,1
2195,ta-,1
2196,laugh,1
2197,sign-in,1
2198,carry,1
2199,rack,1
2200,raised,1
2201,half-assed,1
2202,poorly-his,1
2203,remained,1
2204,crap,1
2205,utter,1
2206,xian,1
2207,ctfo,1
2208,inspired,1
2209,impression,1
2210,lasting,1
2211,bullshit,1
2212,italian,1
2213,mrs.,1
2214,deal-breaker,1
2215,solidified,1
2216,complainer,1
2217,deaf,1
2218,blind,1
2219,anybody,1
2220,chosen,1
2221,history,1
2222,policy,1
2223,beef,1
2224,bombard,1
2225,2mins/question,1
2226,40mins,1
2227,spaces,1
2228,mypearson,1
2229,runs,1
2230,unapproachable,1
2231,contrary,1
2232,morning,1
2233,davis,1
2234,shes,1
2235,nights,1
2236,sucked,1
2237,bi-weekly,1
2238,misleading,1
2239,brought,1
2240,verbatim,1
2241,attn,1
2242,somtimes,1
2243,6-7,1
2244,peeve,1
2245,pet,1
2246,fearing,1
2247,calls,1
2248,local,1
2249,enroll,1
2250,concurrently,1
2251,petitioning,1
2252,blue,1
2253,miles,1
2254,feature,1
2255,redeeming,1
2256,hardly,1
2257,'eh,1
2258,3.7.,1
2259,june,1
2260,graduated,1
2261,wastes,1
2262,physics-heavy,1
2263,reiterates,1
2264,flexibility,1
2265,complicates,1
2266,notion,1
2267,knowitalls,1
2268,murder,1
2269,tiniest,1
2270,nightly,1
2271,center,1
2272,puzzled,1
2273,thrive,1
2274,2018,1
2275,subtleties,1
2276,gain,1
2277,3hrs,1
2278,considered,1
2279,matches,1
2280,sketchy,1
2281,reflect,1
2282,messily,1
2283,valid,1
2284,determine,1
2285,position,1
2286,slackers,1
2287,slacker,1
2288,freshmen,1
2289,welcomes,1
2290,rapidly,1
2291,spunky,1
2292,loooooovvvve,1
2293,sincere,1
2294,lackluster,1
2295,lecture.be,1
2296,increasing,1
2297,brushes,1
2298,featured,1
2299,sees,1
2300,throws,1
2301,semi-bad,1
2302,a-ok,1
2303,preceding,1
2304,1/2,1
2305,blow,1
2306,schedule,1
2307,theses,1
2308,accept,1
2309,efforts,1
2310,superficial,1
2311,detrimental,1
2312,real-world,1
2313,preparatory,1
2314,admits,1
2315,etc.overall,1
2316,out.tests,1
2317,naming,1
2318,breathing,1
2319,identity,1
2320,anonymous,1
2321,culture,1
2322,fun.professor,1
2323,graphs,1
2324,play,1
2325,site,1
2326,geogebra.org/3d,1
2327,visualization,1
2328,buffer,1
2329,vector,1
2330,virtual,1
2331,readers,1
2332,passively,1
2333,jotting,1
2334,obscure,1
2335,easy.however,1
2336,fashioned,1
2337,posting,1
2338,updated,1
2339,computers,1
2340,cant,1
2341,technology,1
2342,traditional,1
2343,accurately,1
2344,diverse,1
2345,familiarize,1
2346,quieter,1
2347,dozen,1
2348,thr,1
2349,keyword,1
2350,curved.overall,1
2351,3.5,1
2352,.5,1
2353,y'all,1
2354,b-/b,1
2355,hitting,1
2356,quantitive,1
2357,occassionally,1
2358,cost,1
2359,emphasized,1
2360,claim,1
2361,upset,1
2362,mid-high,1
2363,resembled,1
2364,wonky,1
2365,correctly,1
2366,requirements,1
2367,furiously,1
2368,good/helpful,1
2369,continuously,1
2370,stops,1
2371,apparent,1
2372,confusing/delves,1
2373,9493500383,1
2374,ed,1
2375,7th,1
2376,preview,1
2377,languager,1
2378,8918060,1
2379,323,1
2380,condition,1
2381,oxtoby,1
2382,certainly,1
2383,pray,1
2384,ta/firefighter/my,1
2385,pivotal,1
2386,jump,1
2387,glanced,1
2388,surprised,1
2389,blobs,1
2390,meaningless,1
2391,scrambling,1
2392,elaboration,1
2393,orbitals,1
2394,beautiful,1
2395,bless,1
2396,urwin,1
2397,j.,1
2398,dereck,1
2399,combined,1
2400,desk,1
2401,50minutes,1
2402,presence,1
2403,shock,1
2404,daily,1
2405,revision,1
2406,studio,1
2407,lightest,1
2408,sun,1
2409,iclickers,1
2410,fluent,1
2411,latter,1
2412,intuitive,1
2413,optimize,1
2414,maria,1
2415,prepped,1
2416,relaxing,1
2417,session.overall,1
2418,time-crunched,1
2419,condensing,1
2420,psych,1
2421,introduced,1
2422,everything.the,1
2423,correcting,1
2424,purchase.exams,1
2425,purchased,1
2426,2there,1
2427,questionnaires,1
2428,lenient:20,1
2429,fairy,1
2430,relating,1
2431,presentations,1
2432,math/ap,1
2433,ib,1
2434,suffice,1
2435,eachonline,1
2436,lecturelab,1
2437,one-page,1
2438,fry,1
2439,vocal,1
2440,clock,1
2441,alarm,1
2442,qualm,1
2443,29,1
2444,wind,1
2445,atmosphere,1
2446,awkward,1
2447,nobody,1
2448,rights,1
2449,range,1
2450,wide,1
2451,wound,1
2452,minimum,1
2453,laptop,1
2454,desirable,1
2455,losest,1
2456,normally,1
2457,redemption,1
2458,chances,1
2459,exaggerating,1
2460,shortcuts,1
2461,navigate,1
2462,slides.each,1
2463,whatever,1
2464,ensuring,1
2465,r/ucla,1
2466,elaborated,1
2467,scroll,1
2468,soothing,1
2469,write-ups,1
2470,aware,1
2471,laid,1
2472,broken,1
2473,x.,1
2474,via,1
2475,listens,1
2476,participating,1
2477,forms,1
2478,reallllyy,1
2479,responding,1
2480,ensure,1
2481,mess,1
2482,check-up,1
2483,wanting,1
2484,appreciates,1
2485,afterward,1
2486,alternate,1
2487,end-of-quarter-questionnaire,1
2488,flexible,1
2489,timezone,1
2490,repeated,1
2491,minor,1
2492,fulfill,1
2493,programmer,1
2494,expert,1
2495,labs/save,1
2496,labs/rewatch,1
2497,keeps,1
2498,spread,1
2499,non-cumulative,1
2500,intermittently,1
2501,lessons,1
2502,creditcampus,1
2503,andrew,1
2504,half-assing,1
2505,recording,1
2506,ramps,1
2507,deceptively,1
2508,warned,1
2509,33,1
2510,conscious,1
2511,predicted,1
2512,entered,1
2513,non-stem,1
2514,satisfied,1
2515,inference,1
2516,is:20,1
2517,copied,1
2518,r.,1
2519,faced,1
2520,5-10,1
2521,shapiro,1
2522,memorisation,1
2523,decided,1
2524,amazing-,1
2525,-1,1
2526,-2,1
2527,-5,1
2528,-weekly,1
2529,emails.in,1
2530,reports,1
2531,respondus,1
2532,awakening,1
2533,monday,1
2534,saturday,1
2535,records,1
2536,inflection,1
2537,inclined,1
2538,worries,1
2539,absent,1
2540,brilliant,1
2541,juana,1
2542,c-,1
2543,horrendous,1
2544,97,1
2545,senior,1
2546,wholeheartedly,1
2547,divs,1
2548,delay,1
2549,stupidest,1
2550,overwhelmingly,1
2551,unbearable,1
2552,christou,1
2553,sesh,1
2554,fuck,1
2555,outrageous,1
2556,shy,1
2557,courageous,1
2558,02/20/2015,1
2559,lightly,1
2560,ladies,1
2561,picking,1
2562,physci,1
2563,gaby,1
2564,cadavers,1
2565,khankan.labs,1
2566,blank,1
2567,mc,1
2568,alone,1
2569,confuse,1
2570,researcher,1
2571,dealt,1
2572,blood,1
2573,unacceptable,1
2574,precisely,1
2575,dictate,1
2576,emotion,1
2577,refrain,1
2578,unbiased,1
2579,supplies,1
2580,cast,1
2581,answers/codes,1
2582,expects,1
2583,discussions/normal,1
2584,ds,1
2585,accents,1
2586,touched,1
2587,whatsoever,1
2588,water,1
2589,impossibly,1
2590,girls,1
2591,refuses,1
2592,inundates,1
2593,blatantly,1
2594,ludicrous,1
2595,backtracking,1
2596,thereby,1
2597,ranting,1
2598,sidetracks,1
2599,directions,1
2600,attempted,1
2601,among,1
2602,heated,1
2603,sparked,1
2604,supply,1
2605,steps,1
2606,habits,1
2607,improved,1
2608,quizzes-,1
2609,reef,1
2610,participation-,1
2611,82,1
2612,lab:90,1
2613,interrupt,1
2614,attainable,1
2615,academically,1
2616,mentally,1
2617,possibly,1
2618,encourage,1
2619,week-to-week,1
2620,happening,1
2621,comfort,1
2622,hmu,1
2623,s-tier,1
2624,cheap.if,1
2625,separate,1
2626,tougher,1
2627,310-467-2048,1
2628,leg,1
2629,up.textbook,1
2630,dry,1
2631,enter,1
2632,input,1
2633,brush,1
2634,weirdly,1
2635,checked,1
2636,ethernet,1
2637,extraordinarily,1
2638,labs-,1
2639,bookstore,1
2640,exact,1
2641,wong,1
2642,practicals,1
2643,season,1
2644,edits,1
2645,manual/making,1
2646,3-5,1
2647,8-10,1
2648,q+a,1
2649,conducted,1
2650,structures,1
2651,spelled,1
2652,slowed,1
2653,feedbacks,1
2654,sister,1
2655,rima,1
2656,ryan,1
2657,download,1
2658,gould,1
2659,data,1
2660,exploring,1
2661,'recommends,1
2662,normal/binomial,1
2663,t-tests,1
2664,z-,1
2665,menus,1
2666,distr,1
2667,handwritten,1
2668,25-30,1
2669,each-,1
2670,reader/lab,1
2671,software,1
2672,tablet,1
2673,affecting,1
2674,well-equipped,1
2675,18.,1
2676,tip,1
2677,github,1
2678,lean,1
2679,forces,1
2680,had.during,1
2681,lectures/,1
2682,repetitive,1
2683,bounce,1
2684,difference.-,1
2685,due.-,1
2686,chunk,1
2687,cautious.-,1
2688,send,1
2689,studying/watching,1
2690,7.,1
2691,note/open,1
2692,it.-,1
2693,helpful.-,1
2694,resulted,1
2695,class.her,1
2696,sense-,1
2697,shortened,1
2698,stuck.both,1
2699,grade.a,1
2700,confidence,1
2701,work.each,1
2702,completeness,1
2703,calc.the,1
2704,progresses,1
2705,increased,1
2706,encouraged-so,1
2707,bomb,1
2708,misses,1
2709,gears,1
2710,names,1
2711,peoples,1
2712,confusion.-,1
2713,resemblance,1
2714,bares,1
2715,entering,1
2716,rigorously,1
2717,damn,1
2718,modeling,1
2719,calculation-based,1
2720,remotely,1
2721,clearer,1
2722,copies,1
2723,systems-oriented,1
2724,impressions,1
2725,degree,1
2726,alright,1
2727,sciences,1
2728,grain,1
2729,salt,1
2730,modified,1
2731,cheap,1
2732,confusing.the,1
2733,usual,1
2734,vs,1
2735,risk,1
2736,.if,1
2737,ignoring,1
2738,sends,1
2739,primarily,1
2740,closest,1
2741,sacrificing,1
2742,jive,1
2743,fundamental,1
2744,turning,1
2745,considerable,1
2746,curating,1
2747,demand,1
2748,tough-,1
2749,viral,1
2750,sized,1
2751,gimmicks,1
2752,completion-,1
2753,problems-,1
2754,surprises,1
2755,posted-,1
2756,quick,1
2757,stars,1
2758,reassuring,1
2759,ganesha,1
2760,tangents,1
2761,unrelated,1
2762,tsunami,1
2763,flooding,1
2764,choosing,1
2765,mcq,1
2766,consider,1
2767,rogawski,1
2768,38+/40,1
2769,alter,1
2770,id,1
2771,subreddit,1
2772,sending,1
2773,searching,1
2774,peeved,1
2775,priority,1
2776,cushion,1
2777,multiple-attempt,1
2778,adamant,1
2779,concur,1
2780,finishes,1
2781,9pm,1
2782,result,1
2783,myucla,1
2784,date/time,1
2785,exams/midterms/finals/group,1
2786,facetime,1
2787,misconceptions,1
2788,creation,1
2789,textbook/lectures-,1
2790,0.5,1
2791,25-40,1
2792,melts,1
2793,cocalc/,1
2794,summarize,1
2795,author,1
2796,alan,1
2797,textbook-,1
2798,reads,1
2799,whats,1
2800,cheese,1
2801,4th,1
2802,finishing,1
2803,aside,1
2804,playing,1
2805,brings,1
2806,boredom,1
2807,ground,1
2808,oof,1
2809,broke,1
2810,multivariable,1
2811,bites,1
2812,unboring,1
2813,absorb,1
2814,honesty,1
2815,link,1
2816,sympathize,1
2817,onto,1
2818,choiced,1
2819,changing,1
2820,disaser,1
2821,brain-splittingly,1
2822,indescribably,1
2823,wow,1
2824,tas/uas,1
2825,ex,1
2826,knowledge/teaching,1
2827,tambe,1
2828,butt,1
2829,disaster,1
2830,diffucult,1
2831,brains,1
2832,analyze,1
2833,elaborating,1
2834,non-content,1
2835,global,1
2836,smarter,1
2837,loop,1
2838,clickr,1
2839,fine-,1
2840,decide,1
2841,gucci,1
2842,mechanism,1
2843,padded,1
2844,regurgitation,1
2845,crushing,1
2846,destroy,1
2847,vouched,1
2848,control,1
2849,smartness,1
2850,fiber,1
2851,serve,1
2852,15min,1
2853,1hr,1
2854,switched,1
2855,evident,1
2856,exciting,1
2857,10pm,1
2858,hill,1
2859,niche,1
2860,mindset,1
2861,demonstrate,1
2862,relateable,1
2863,help.the,1
2864,everytime,1
2865,nguyen,1
2866,all-,1
2867,signed,1
2868,mood,1
2869,reality,1
2870,complains,1
2871,complicate,1
2872,2.,1
2873,dumbfounded,1
2874,conversation,1
2875,ignore,1
2876,30b,1
2877,dreading,1
2878,miserable,1
2879,rock,1
2880,correlate,1
2881,thorton,1
2882,jukka,1
2883,admit,1
2884,source,1
2885,primary,1
2886,dozens,1
2887,hard-ish,1
2888,solve,1
2889,corny,1
2890,gc,1
2891,collect,1
2892,counterparts,1
2893,efficiently,1
2894,karan,1
2895,one-hour,1
2896,taste,1
2897,incorrectly,1
2898,venugopal/go,1
2899,commented,1
2900,d+,1
2901,hw/midterm/lab,1
2902,grows,1
2903,over-explained,1
2904,spirited,1
2905,mind-numbing,1
2906,fiasco,1
2907,slowly.the,1
2908,angel,1
2909,cramming,1
2910,meeting,1
2911,review/reteach,1
2912,central,1
2913,unexpected,1
2914,regretted,1
2915,jane,1
2916,ning,1
2917,passion,1
2918,ruined,1
2919,equilibrium,1
2920,stability,1
2921,purging,1
2922,convultedly,1
2923,soroush,1
2924,messy,1
2925,sometime,1
2926,friendships,1
2927,@,1
2928,max,1
2929,cards,1
2930,glance,1
2931,questionable,1
2932,brittany,1
2933,murphy,1
2934,hilarious,1
2935,inevitable,1
2936,accomplish,1
2937,participates,1
2938,meh,1
2939,forums/,1
2940,replies,1
2941,cameras,1
2942,exception,1
2943,gift,1
2944,cluster,1
2945,amazon,1
2946,raffled,1
2947,listened,1
2948,kindly,1
2949,five,1
2950,devotion,1
2951,lenses,1
2952,fence,1
2953,problematic,1
2954,schedules,1
2955,filming,1
2956,coordinate,1
2957,member,1
2958,reminded,1
2959,lays,1
2960,lectureslectures,1
2961,nowhere,1
2962,numerous,1
2963,1-5,1
2964,5-10.,1
2965,harming,1
2966,incredicinlu,1
2967,loving,1
2968,economics,1
2969,business,1
2970,peace,1
2971,devoted,1
2972,knowledged,1
2973,north,1
2974,organization,1
2975,requiring,1
2976,controversy,1
2977,on-point,1
2978,improve,1
2979,experiment,1
2980,designing,1
2981,ges,1
2982,insight,1
2983,screenings,1
2984,jacket,1
2985,melnitz,1
2986,freezing,1
2987,implications,1
2988,self-explanatory,1
2989,deals,1
2990,shape,1
2991,enhance,1
2992,odd,1
2993,arguing,1
2994,clips,1
2995,triple,1
2996,supplemental,1
2997,older,1
2998,200-400,1
2999,choices,1
3000,prompts,1
3001,widened,1
3002,stance,1
3003,insensitive,1
3004,elegant,1
3005,putting,1
3006,unpopular,1
3007,take-home,1
3008,texts,1
3009,writing-intensive,1
3010,share,1
3011,critically,1
3012,advise,1
3013,language,1
3014,wracking,1
3015,shares,1
3016,affirmation,1
3017,respond,1
3018,weaknesses,1
3019,conversations,1
3020,exposed,1
3021,thinking.tldr,1
3022,vocabulary,1
3023,freely,1
3024,natalie,1
3025,g.,1
3026,bound,1
3027,create,1
3028,instructs,1
3029,comprehensive,1
3030,encounter,1
3031,outline,1
3032,impeccable,1
3033,inappropriate,1
3034,succeeded,1
3035,pays,1
3036,class––i,1
3037,biased,1
3038,art,1
3039,interest,1
3040,424-440-9353,1
3041,imp,1
3042,tiny,1
3043,irrelevant,1
3044,hella,1
3045,peak,1
3046,grinding,1
3047,pretentious,1
3048,bruincasted,1
3049,calling,1
3050,skies,1
3051,styles,1
3052,salena,1
3053,lovely,1
3054,asynchronously,1
3055,introducing,1
3056,broad,1
3057,ps,1
3058,chatterjee,1
3059,trixy,1
3060,cheatsheets,1
3061,downside,1
3062,courseweb,1
3063,derives,1
3064,welcome,1
3065,★★★★,1
3066,1.7,1
3067,with/interested,1
3068,skills/facts,1
3069,shared,1
3070,fast-paced,1
3071,dumber,1
3072,lower-division,1
3073,re-explain,1
3074,skill,1
3075,one-on-one,1
3076,podcasted,1
3077,interactions,1
3078,pointed,1
3079,manages,1
3080,lies,1
3081,specialty,1
3082,efficient,1
3083,book/notes/internet,1
3084,mile,1
3085,dr.gong,1
3086,win,1
3087,connect,1
3088,successful,1
3089,cocalc,1
3090,858,1
3091,function,1
3092,derivative,1
3093,growth,1
3094,286-7245accepting,1
3095,payment,1
3096,venmo,1
3097,kindhearted,1
3098,elements,1
3099,int,1
3100,easy-to-understand,1
3101,involves,1
3102,survive,1
3103,credits,1
3104,chillen,1
3105,paced,1
3106,brownies,1
3107,open-ended,1
3108,notebook,1
3109,indeed,1
3110,sometimes-,1
3111,book-,1
3112,moderate,1
3113,syllabus-,1
3114,manageable-,1
3115,intake,1
3116,ideal,1
3117,corona.all,1
3118,assessments,1
3119,heat,1
3120,opinion-based,1
3121,queastjons,1
3122,googling,1
3123,guidelines,1
3124,synopsis,1
3125,poster,1
3126,treatable,1
3127,potentially,1
3128,degenerative,1
3129,projectthis,1
3130,managing,1
3131,address,1
3132,paperthis,1
3133,caused,1
3134,lectures/readings,1
3135,presents,1
3136,averaged,1
3137,assignments/readingsat,1
3138,9/10,1
3139,class/slides,1
3140,slide,1
3141,thought/answer,1
3142,rooms,1
3143,breakout,1
3144,250,1
3145,discussionsdiscussions,1
3146,references,1
3147,notice,1
3148,restore,1
3149,ethics/moral,1
3150,philosophy,1
3151,analysis,1
3152,guest,1
3153,train,1
3154,logic,1
3155,interpretations,1
3156,intricate,1
3157,concepts/figures,1
3158,e-mails,1
3159,110,1
3160,worths,1
3161,casted,1
3162,have/do,1
3163,extensive,1
3164,corrections,1
3165,questions.overall,1
3166,shout-out,1
3167,deserves,1
3168,gibbs,1
3169,devin,1
3170,work.my,1
3171,regrade,1
3172,sides,1
3173,technical,1
3174,paper.the,1
3175,apart,1
3176,article/post/question,1
3177,sharing,1
3178,warnings,1
3179,speakers.a,1
3180,smaller,1
3181,2020-,1
3182,distance,1
3183,typical,1
3184,developing,1
3185,ae,1
3186,oppurtunity,1
3187,simpler,1
3188,chemae,1
3189,moment,1
3190,savored,1
3191,clue,1
3192,zero,1
3193,forum,1
3194,piazza,1
3195,workshops,1
3196,lounges,1
3197,rewarding,1
3198,newfound,1
3199,teams,1
3200,placed,1
3201,relies,1
3202,500,1
3203,timedtotal,1
3204,timedfinal,1
3205,droppedmidterm,1
3206,timed,1
3207,solitary,1
3208,500-600,1
3209,reflectionscalibrated,1
3210,group+la,1
3211,nine,1
3212,conclusions,1
3213,six-week,1
3214,mom,1
3215,compensate,1
3216,kindest,1
3217,heartbeat,1
3218,adapts,1
3219,affected,1
3220,in-tune,1
3221,unwelcome,1
3222,warm,1
3223,maintain,1
3224,do-able,1
3225,raw,1
3226,ending,1
3227,81,1
3228,94,1
3229,mid,1
3230,sweetheart,1
3231,bag,1
3232,concerns,1
3233,voiced,1
3234,crunch,1
3235,utilized,1
3236,slightest,1
3237,personalized,1
3238,camps,1
3239,unexpectedly,1
3240,bounced,1
3241,original,1
3242,accounted,1
3243,jointly,1
3244,groupme,1
3245,18,1
3246,droppeddiscussion,1
3247,negatively,1
3248,balloons,1
3249,medical,1
3250,memes,1
3251,rejoices,1
3252,professionals,1
3253,facing,1
3254,obstacles,1
3255,fit,1
3256,attitudes,1
3257,particularly,1
3258,communities,1
3259,tension,1
3260,recent,1
3261,effect,1
3262,droppedlearn,1
3263,goals,1
3264,subjects,1
3265,international,1
3266,tests.but,1
3267,gon,1
3268,contain,1
3269,finals.to,1
3270,previously,1
3271,pure,1
3272,connections,1
3273,members,1
3274,months,1
3275,~,1
3276,sake,1
3277,uplifts,1
3278,exceptional,1
3279,bare,1
3280,collaborating,1
3281,pointspre-discussion,1
3282,earn,1
3283,follows,1
3284,happens,1
3285,chem-related,1
3286,facts,1
3287,carrots,1
3288,chiweenies,1
3289,fascination,1
3290,lights,1
3291,happiness,1
3292,sassy,1
3293,opening,1
3294,hoped,1
3295,scenario,1
3296,cultivating,1
3297,duties,1
3298,seldom,1
3299,fulfilling,1
3300,passionately,1
3301,purposefully,1
3302,grateful,1
3303,gone,1
3304,turbulent,1
3305,pilot,1
3306,extraordinary,1
3307,tank,1
3308,comforting,1
3309,roth-johnson,1
3310,respectful,1
3311,theorem,1
3312,proving,1
3313,1b,1
3314,phone,1
3315,masteringphysics,1
3316,medium,1
3317,lousy,1
3318,guys,1
3319,papers-,1
3320,political,1
3321,acknowledged,1
3322,mindfulness,1
3323,incorporated,1
3324,urgent,1
3325,1c,1
3326,yay,1
3327,zone,1
3328,living,1
3329,states,1
3330,united,1
3331,opposite,1
3332,agrees,1
3333,raging,1
3334,measured,1
3335,paces,1
3336,learns,1
3337,unfairly,1
3338,curriculums,1
3339,comparing,1
3340,attempting,1
3341,youre,1
3342,extenuating,1
3343,contents,1
3344,deducted,1
3345,etc.,1
3346,contradiction,1
3347,assumption,1
3348,sentence,1
3349,symbols,1
3350,instance,1
3351,careful-,1
3352,realistic,1
3353,61,1
3354,logical,1
3355,cake,1
3356,circumstances,1
3357,relate,1
3358,thermodynamics,1
3359,resistors,1
3360,capacitance,1
3361,potential,1
3362,force,1
3363,field,1
3364,shm,1
3365,fell,1
3366,engineering,1
3367,electrical,1
3368,involving,1
3369,oriented,1
3370,mathematically,1
3371,drafts,1
3372,defined,1
3373,severely,1
3374,hundred,1
3375,619,1
3376,studyguide,1
3377,official,1
3378,chemical,1
3379,pdfs,1
3380,cried,1
3381,urge,1
3382,worthwhile,1
3383,turns,1
3384,14ae,1
3385,abilities,1
3386,south,1
3387,cpr,1
3388,extreme,1
3389,rush,1
3390,unique,1
3391,rly,1
3392,uploads,1
3393,toughness,1
3394,prove,1
3395,conducive,1
3396,trip,1
3397,private,1
3398,scheduling,1
3399,achieve,1
3400,5x,1
3401,natural,1
3402,depressed,1
3403,402-5049,1
3404,spectacular,1
3405,remind,1
3406,eval,1
3407,fig,1
3408,round,1
3409,serious,1
3410,amused,1
3411,figs,1
3412,grader,1
3413,troublesome,1
3414,clarified,1
3415,dwindling,1
3416,astrophysics,1
3417,suitable,1
3418,astronomy,1
3419,virus,1
3420,ego,1
3421,approached,1
3422,unfriendly,1
3423,impatient,1
3424,pretended,1
3425,famous,1
3426,observant,1
3427,detract,1
3428,persona,1
3429,astronomer,1
3430,loopy,1
3431,plays,1
3432,frazzled,1
3433,ever-so-slightly,1
3434,briefly,1
3435,self-teach,1
3436,midst,1
3437,loads,1
3438,”,1
3439,“,1
3440,nicer,1
3441,ignored,1
3442,requested,1
3443,excuse,1
3444,refused,1
3445,concussion,1
3446,cae,1
3447,unaccommodating,1
3448,warn,1
3449,premed,1
3450,overpriced,1
3451,consistent,1
3452,meat,1
3453,message,1
3454,conveying,1
3455,competence,1
3456,comprehension,1
3457,aspects,1
3458,compliment,1
3459,revolve,1
3460,//www.teaching.ucla.edu/iclicker-rentals,1
3461,powell,1
3462,cheaper,1
3463,comparatively,1
3464,5/6,1
3465,diligent,1
3466,f,1
3467,needing,1
3468,boy,1
3469,peq,1
3470,crafts,1
3471,mad,1
3472,off-set,1
3473,outcomes,1
3474,promised,1
3475,factors,1
3476,breadth,1
3477,intentionally,1
3478,user,1
3479,finicky,1
3480,fears,1
3481,melted,1
3482,prejudices,1
3483,leeway,1
3484,acclimate,1
3485,forgetful,1
3486,reminder,1
3487,drill,1
3488,solving,1
3489,wordy,1
3490,10-week,1
3491,6-week,1
3492,rigorous,1
3493,intensive,1
3494,new-comer,1
3495,snarky,1
3496,be-little,1
3497,gentle,1
3498,2-year,1
3499,plan,1
3500,//,1
3501,checking,1
3502,spike,1
3503,determining,1
3504,kick,1
3505,ap/ib,1
3506,restructure,1
3507,generalized,1
3508,assumptions,1
3509,tangentially,1
3510,abysmal,1
3511,lying,1
3512,corrected,1
3513,horrifically,1
3514,misinterpreted,1
3515,disability-related,1
3516,fooled,1
3517,covid-related,1
3518,standardized,1
3519,similarly,1
3520,qualms,1
3521,retaking,1
3522,b/c,1
3523,fine.khankan,1
3524,tangent,1
3525,covering,1
3526,jsut,1
3527,standoffish,1
3528,blindsided,1
3529,retain,1
3530,regurgitating,1
3531,gigantic,1
3532,phases,1
3533,prime,1
3534,inside,1
3535,brother,1
3536,//www.lscore.ucla.edu/courses/,1
3537,questions/learning,1
3538,discussions/lectures,1
3539,fault,1
3540,belittling,1
3541,wack,1
3542,hard-shelled,1
3543,versus,1
3544,course/tests,1
3545,wouldnt,1
3546,optimization,1
3547,disciplined,1
3548,justify,1
3549,represent,1
3550,skimming,1
3551,mistaken,1
3552,recognize,1
3553,lagrange,1
3554,co-teaching,1
3555,recovering,1
3556,kinds,1
3557,carried,1
3558,multipliers,1
3559,individually,1
3560,pm,1
3561,printing,1
3562,significant,1
3563,you.another,1
3564,eager,1
3565,reasons,1
3566,oversaturates,1
3567,non-test,1
3568,conserve,1
3569,pair,1
3570,closet,1
3571,you-,1
3572,questions-,1
3573,nah,1
3574,sucky,1
3575,7/10,1
3576,disregards,1
3577,universal,1
3578,spiritall,1
3579,game,1
3580,picked,1
3581,invested,1
3582,committed,1
3583,welfare,1
3584,pricey,1
3585,complain,1
3586,slacked,1
3587,300-students,1
3588,7-8,1
3589,3.6,1
3590,3.4,1
3591,overload,1
3592,questions/the,1
3593,drowning,1
3594,guessing,1
3595,freebies,1
3596,denser,1
3597,purchasing,1
3598,annotate,1
3599,varies,1
3600,purchase,1
3601,debbie,1
3602,supervision,1
3603,forming,1
3604,overwhelmed,1
3605,squeezes,1
3606,hardship,1
3607,jam-packed,1
3608,first-year,1
3609,explicitly,1
3610,scare,1
3611,outfit,1
3612,described,1
3613,animations,1
3614,tolerance,1
3615,measure,1
3616,adds,1
3617,715.,1
3618,overlooked,1
3619,accidentally,1
3620,enforced,1
3621,chloe,1
3622,becomes,1
3623,kindness,1
3624,wear,1
3625,studying/actually,1
3626,dollar,1
3627,backwards,1
3628,disorienting,1
3629,unenthusiastic,1
3630,nonchalant,1
3631,speech,1
3632,manner,1
3633,pires-,1
3634,pointscurved,1
3635,695,1
3636,evals,1
3637,composed,1
3638,72,1
3639,68,1
3640,feelings,1
3641,grading-,1
3642,dealing,1
3643,direct,1
3644,transparency,1
3645,disappointed,1
3646,superior.extremely,1
3647,incontestably,1
3648,revolutionary,1
3649,creator,1
3650,pervasive,1
3651,steer,1
3652,condescendingly.course,1
3653,treated,1
3654,tired,1
3655,unrewarding,1
3656,drlecturer,1
3657,disconnected,1
3658,lie,1
3659,on.-,1
3660,equal,1
3661,suits,1
3662,patterns,1
3663,standardization,1
3664,outlined,1
3665,recommendation,1
3666,lazzazera,1
3667,e.g,1
3668,whereas,1
3669,general.and,1
3670,letter,1
3671,pressure,1
3672,anxious,1
3673,dramatic,1
3674,transparent,1
3675,irresponsible,1
3676,ebook,1
3677,hybridizes,1
3678,platform,1
3679,=,1
3680,scientifically,1
3681,explain.-,1
3682,x,1
3683,term,1
3684,recalling,1
3685,co-taught,1
3686,slides.-,1
3687,generosity,1
3688,apparently,1
