word,gender,count
professor,male,414
questions,male,326
professor,female,309
questions,female,234
easy,female,218
final,male,216
exams,male,215
final,female,189
material,female,180
material,male,179
tests,male,168
hours,male,168
time,male,168
easy,male,168
good,male,167
homework,female,165
points,male,161
midterm,male,155
exams,female,155
maloy,male,153
recommend,male,153
good,female,151
time,female,150
great,male,147
office,male,144
launchpad,male,140
helpful,male,136
hard,male,133
midterm,female,133
make,male,131
hours,female,126
best,male,126
grade,male,125
definitely,male,124
credit,male,122
ta,female,122
exam,male,121
helpful,female,115
corbin,male,114
tests,female,113
extra,male,111
difficult,male,111
recommend,female,110
quizzes,female,110
need,male,109
midterms,male,108
hard,female,107
every,male,107
overall,male,106
problems,male,105
understand,female,105
difficult,female,104
way,male,104
help,male,103
concepts,male,98
first,male,98
course,female,98
office,female,98
textbook,female,97
study,male,96
slides,male,95
nag,male,95
grade,female,93
pham,male,93
make,female,92
understand,male,91
practice,male,91
concepts,female,91
taking,male,91
think,male,90
people,male,90
professors,male,90
ta,male,90
week,female,90
course,male,89
midterms,female,89
exam,female,89
dr.,male,88
review,male,88
definitely,female,87
help,female,87
interesting,male,87
clicker,male,85
want,male,85
could,male,84
great,female,84
first,female,84
textbook,male,83
work,female,82
engaging,male,81
notes,male,81
work,male,81
learn,male,80
ucla,male,80
always,male,80
super,male,79
online,male,78
overall,female,78
every,female,78
learning,male,76
reading,male,76
dr.,female,76
answer,male,74
everything,male,73
’,male,72
practice,female,71
extra,female,71
think,female,71
problems,female,70
need,female,70
super,female,70
stats,female,70
everything,female,69
amazing,male,68
taking,female,68
quizzes,male,68
physics,male,68
long,male,68
never,male,68
extremely,male,67
could,female,66
people,female,66
cares,male,66
question,male,66
test,male,66
labs,female,65
homework,male,65
chemistry,male,64
best,female,64
always,female,63
bad,female,63
problem,male,63
highly,male,63
week,male,62
online,female,62
math,female,62
learning,female,61
2,male,60
little,male,60
way,female,60
points,female,60
still,male,59
ever,male,59
paper,male,58
clear,male,58
10,female,58
feel,male,57
anish,male,57
nice,female,56
readings,male,56
study,female,56
taken,female,55
sessions,male,55
read,male,55
still,female,55
two,female,55
credit,female,55
give,male,55
'',male,54
``,male,54
classes,male,54
long,female,54
’,female,54
answer,female,54
lab,female,54
student,male,54
teaching,male,54
clear,female,53
2,female,53
chem,male,53
say,male,53
group,male,53
understanding,male,53
fair,male,53
min,male,52
never,female,52
read,female,52
bit,male,52
lecturer,male,52
better,male,52
two,male,51
ucla,female,51
ask,male,51
worksheets,male,51
far,male,51
cha,female,51
grading,male,50
extremely,female,50
learn,female,49
assignments,female,49
quite,male,49
put,male,48
honestly,male,48
honestly,female,48
group,female,48
weekly,female,48
studying,male,47
felt,female,47
want,female,47
cares,female,47
ge,male,47
launchpad,female,47
content,male,47
funny,male,47
'',female,46
clicker,female,46
classes,female,46
``,female,46
fair,female,45
guy,male,45
nice,male,45
teaching,female,45
since,female,44
'm,male,44
times,male,44
enough,male,44
learned,male,44
thought,male,44
review,female,44
bad,male,44
resources,male,43
notes,female,43
especially,male,43
highly,female,43
slides,female,43
participation,male,43
said,female,42
little,female,42
better,female,42
information,male,42
teacher,male,42
series,male,42
everyone,male,42
feel,female,42
grading,female,41
say,female,41
since,male,41
put,female,40
learned,female,40
participation,female,40
may,male,40
kind,female,40
fine,female,40
fun,male,40
amazing,female,40
high,female,40
ap,male,40
stuff,male,40
series,female,39
said,male,39
lecturer,female,39
rose,female,39
book,female,39
test,female,39
found,male,39
high,male,39
professors,female,39
may,female,39
effort,male,39
man,male,39
worth,male,38
genuinely,male,38
times,female,38
enough,female,38
understanding,female,38
reading,female,38
weekly,male,38
question,female,37
probably,male,37
100,male,37
based,male,37
especially,female,37
important,male,37
10,male,37
...,male,36
second,male,36
able,male,36
miss,male,36
interesting,female,36
ap,female,36
succeed,male,36
kind,male,36
challenging,male,36
14d,male,35
try,male,35
gave,male,35
content,female,35
bit,female,35
20,female,35
*,female,35
student,female,35
?,female,35
examples,female,35
tas,female,35
answers,male,35
possible,male,35
end,male,35
sometimes,male,35
graded,male,35
something,male,35
basically,male,35
covered,female,34
easier,female,34
due,female,34
prof,female,34
different,male,34
taken,male,34
person,female,34
fine,male,34
grades,male,34
'd,male,34
amount,female,34
short,male,34
ask,female,33
confusing,female,33
anything,female,33
tough,male,33
sometimes,female,33
assignments,male,33
attention,male,33
come,male,33
school,female,33
went,female,33
thought,female,32
--,female,32
finals,female,32
often,female,32
pay,male,32
*,male,32
explain,female,32
5,female,32
part,male,32
wants,male,32
30,female,32
basically,female,32
grades,female,32
went,male,32
major,male,32
different,female,32
classroom,male,31
thing,male,31
harder,male,31
average,female,31
multiple,male,31
graded,female,31
videos,female,31
email,male,31
'm,female,31
back,male,31
given,male,31
truly,male,31
fairly,female,31
bio,male,31
attend,male,31
usually,female,31
similar,female,30
attention,female,30
amount,male,30
ever,female,30
1,female,30
second,female,30
pires,female,30
see,male,30
teach,female,30
3,male,30
teaches,male,30
end,female,30
worksheets,female,30
sanchez,female,30
reviews,female,29
ended,female,29
multiple,female,29
probably,female,29
found,female,29
follow,female,29
important,female,29
?,male,29
write,male,29
easier,male,29
anything,male,29
subject,male,29
average,male,29
although,male,29
use,male,29
enjoyed,male,29
almost,male,28
thing,female,28
least,female,28
based,female,28
useful,male,28
general,male,28
anyone,male,28
explaining,female,28
topics,male,28
khankan,female,28
day,male,28
least,male,28
often,male,28
school,male,28
person,male,28
due,male,28
lowest,female,28
around,female,27
pay,female,27
something,female,27
teacher,female,27
sherry,female,27
felt,male,27
posts,male,27
life,male,27
point,male,27
3,female,27
love,male,27
around,male,27
1,male,27
flipped,female,27
find,female,27
everyone,female,27
7a,male,26
ls,female,26
ended,male,26
says,male,26
choice,male,26
right,male,26
completely,male,26
section,female,26
experience,male,26
watch,female,26
helped,female,26
far,female,26
major,female,26
top,male,26
getting,male,26
day,female,25
free,male,25
readings,female,25
reviews,male,25
similar,male,25
worth,female,25
another,female,25
venugopal,female,25
phase,male,25
beren,male,25
choice,female,25
coding,female,25
discussions,female,25
flipped,male,24
literally,male,24
score,male,24
memorization,male,24
deb,female,24
straightforward,male,24
problem,female,24
complete,female,24
section,male,24
classroom,female,24
ls,male,24
already,male,24
--,male,24
harder,female,24
might,female,24
use,female,24
straightforward,female,24
last,female,24
essay,male,24
15,female,24
...,female,24
matter,male,24
casey,female,24
required,male,24
boring,male,23
effort,female,23
clearly,male,23
chemistry,female,23
goes,male,23
absolutely,male,23
open,female,23
whole,male,23
difficulty,female,23
attend,female,23
topics,female,23
completely,female,23
doable,male,23
simple,female,23
give,female,23
right,female,23
taught,male,23
lavelle,male,23
tas,male,23
book,male,22
practical,male,22
find,male,22
individual,male,22
used,male,22
finals,male,22
a.,male,22
given,female,22
studying,female,22
knows,male,22
getting,female,22
challenging,female,22
ca,female,22
explains,male,22
engaging,female,22
discussions,male,22
memorize,male,22
biology,female,22
opportunities,male,22
organic,male,22
..,male,22
la,male,22
answers,female,22
almost,female,22
quiz,female,22
ge,female,22
fall,male,22
tell,male,21
essays,male,21
4,male,21
history,male,21
assigned,male,21
50,male,21
organized,male,21
behind,male,21
instead,male,21
rather,male,21
live,female,21
either,male,21
opinion,male,21
provides,male,21
conceptual,female,21
less,female,21
project,female,21
taught,female,21
tries,female,21
workload,female,21
passionate,male,20
>,male,20
job,female,20
chem,female,20
half,male,20
annoying,male,20
1b,male,20
pre-class,female,20
succeed,female,20
love,female,20
explain,male,20
part,female,20
literally,female,20
stuff,female,20
explanations,female,20
half,female,20
usually,male,20
making,male,20
lee,female,20
hw,female,20
see,female,20
try,female,20
heard,male,20
sessions,female,20
keep,male,20
details,male,20
mandatory,male,20
change,male,20
b,male,20
prepare,male,20
las,male,19
looking,male,19
gong,female,19
personally,male,19
curve,female,19
talk,male,19
30,male,19
score,female,19
show,male,19
format,male,19
20,male,19
ochem,male,19
prof,male,19
weeks,female,19
quiz,male,19
seems,male,19
examples,male,19
tries,male,19
knowledge,male,19
ccle,male,19
enjoyed,female,19
full,male,19
advice,male,19
although,female,19
loved,male,19
throughout,male,19
relatively,female,19
genuinely,female,19
focus,male,19
someone,female,19
explaining,male,19
either,female,19
absolutely,female,19
easily,male,19
goes,female,19
seem,male,19
free,female,19
whole,female,18
quite,female,18
wo,female,18
someone,male,18
fun,female,18
cladek,female,18
ccle,female,18
concept,female,18
entire,female,18
knowledge,female,18
write,female,18
dropped,female,18
attendance,female,18
background,male,18
straight,male,18
simple,male,18
actual,female,18
prof.,female,18
nothing,male,18
another,male,18
confused,female,18
short,female,18
trying,male,18
style,male,18
without,male,18
new,male,18
advantage,male,18
ls7a,male,18
ones,male,18
miss,female,17
days,male,17
doable,female,17
goldberg,male,17
job,male,17
rather,female,17
minutes,female,17
care,female,17
100,female,17
straight,female,17
tricky,male,17
pandemic,female,17
mostly,female,17
along,female,17
solving,male,17
proofs,female,17
'd,female,17
sections,female,17
opinion,female,17
using,male,17
hour,female,17
assignment,female,17
awesome,male,17
full,female,17
ton,male,17
lots,female,17
favorite,male,17
look,male,17
studied,male,17
reason,male,17
total,male,17
attendance,male,17
mind,male,17
entire,male,17
provided,male,17
key,male,17
posted,male,17
cool,male,17
weeks,male,17
topic,male,17
done,male,17
teach,male,17
sections,male,17
chandler,male,16
available,male,16
please,male,16
confusing,male,16
quickly,male,16
na,male,16
thinking,male,16
fact,male,16
came,male,16
5,male,16
must,male,16
theater,male,16
already,female,16
explains,female,16
helps,male,16
sheet,female,16
possible,female,16
watching,female,16
v,female,16
takes,female,16
chance,male,16
come,female,16
concept,male,16
resources,female,16
kinda,male,16
fact,female,16
others,female,16
prepared,female,16
care,male,16
curve,male,16
wrong,male,16
biology,male,16
gave,female,16
seems,female,16
means,female,16
takes,male,16
workload,male,16
7,male,16
statistics,female,15
real,male,15
waste,female,15
talk,female,15
emails,female,15
application,male,15
certain,male,15
format,female,15
allowed,female,15
matter,female,15
asked,female,15
instead,female,15
used,female,15
tell,female,15
memorizing,male,15
experience,female,15
worst,female,15
making,female,15
[,male,15
terms,female,15
interested,male,15
stress,male,15
selling,male,15
done,female,15
came,female,15
might,male,15
summer,male,15
success,male,15
minutes,male,15
scores,male,15
materials,male,15
single,male,15
generous,male,15
yes,male,15
spend,male,15
waste,male,15
year,male,15
last,male,15
jokes,male,15
specific,male,15
world,male,15
complete,male,15
maybe,male,15
simply,male,15
],male,15
stay,male,15
helped,male,15
personally,female,14
sets,male,14
gon,male,14
required,female,14
means,male,14
reviewing,female,14
posted,female,14
partial,male,14
written,female,14
set,male,14
offers,male,14
lots,male,14
mostly,male,14
clc,male,14
without,female,14
fast,female,14
lab,male,14
seem,female,14
previous,female,14
start,female,14
general,female,14
easily,female,14
etc,female,14
mistakes,female,14
anyone,female,14
okay,female,14
trying,female,14
confused,male,14
new,female,14
assigned,female,14
decent,female,14
90,female,14
paper,female,14
point,female,14
prepared,male,14
asked,male,14
expect,male,14
groups,male,14
hardest,male,14
covered,male,14
text,male,14
iclicker,male,14
scheme,male,14
relevant,male,14
thoroughly,male,14
willing,male,14
covid,male,14
else,male,14
open,male,14
etc,male,14
analysis,male,14
unless,male,14
offered,male,14
comes,male,14
fairly,male,14
finish,male,14
others,male,13
low,male,13
necessary,male,13
shows,male,13
information,female,13
year,female,13
algebra,female,13
answering,female,13
back,female,13
terms,male,13
order,male,13
approach,male,13
couple,female,13
excellent,male,13
subject,female,13
science,female,13
coming,female,13
heard,female,13
recorded,female,13
loved,female,13
7a,female,13
able,female,13
look,female,13
friends,female,13
compared,female,13
useless,female,13
incredibly,male,13
accommodating,male,13
mean,male,13
ls7,male,13
8,male,13
example,male,13
c,male,13
protected,male,13
ca,male,13
absolute,male,13
curved,female,13
braybrook,male,13
believe,male,13
strong,male,13
reactions,male,13
linear,female,13
reason,female,13
33a,female,13
approachable,male,13
form,male,13
relatively,male,13
liked,male,13
wo,male,13
enjoy,male,13
outside,male,13
let,male,13
science,male,12
hands,male,12
god,male,12
optional,female,12
a-,male,12
spent,female,12
a.,female,12
away,male,12
remember,male,12
impossible,male,12
written,male,12
reasonable,male,12
confident,male,12
fast,male,12
several,male,12
true,male,12
enjoyable,male,12
previous,male,12
level,female,12
hand,male,12
knows,female,12
caring,male,12
unless,female,12
later,female,12
useful,female,12
away,female,12
tricky,female,12
attending,male,12
sense,male,12
expected,male,12
note,male,12
apply,male,12
word,male,12
style,female,12
hour,male,12
beginning,male,12
difficulty,male,12
requires,male,12
interest,male,12
friscia,male,12
three,male,12
old,male,12
rest,male,12
big,male,12
topic,female,12
provided,female,12
4,female,12
college,female,12
spend,female,12
provide,female,12
yes,female,12
excellent,female,12
ls7a,female,12
clearly,female,12
situation,female,12
worksheet,female,12
ones,female,12
organized,female,12
coming,male,12
completion,female,12
case,female,12
manageable,female,12
calculus,female,12
funny,female,12
generous,female,12
generally,female,12
wants,female,12
simply,female,12
chill,male,11
encourages,male,11
solve,male,11
200,male,11
entertaining,male,11
50,female,11
ec,male,11
reviewing,male,11
answered,male,11
oh,male,11
cover,male,11
seen,male,11
tested,male,11
seemed,male,11
wanted,male,11
basic,male,11
huge,male,11
portion,male,11
explained,male,11
useless,male,11
start,male,11
struggling,male,11
prof.,male,11
diagrams,male,11
life,female,11
15,male,11
videos,male,11
reasonable,female,11
issues,male,11
talks,male,11
reader,male,11
video,male,11
buy,male,11
worry,male,11
classics,male,11
testing,male,11
tough,female,11
caring,female,11
low,female,11
terrible,female,11
a-,female,11
attending,female,11
sense,female,11
otherwise,female,11
note,female,11
code,female,11
apply,female,11
heavy,female,11
scores,female,11
word,female,11
guide,female,11
set,female,11
barely,female,11
exactly,female,11
obviously,female,11
offers,female,11
scheme,female,11
wish,female,11
drops,female,11
per,female,11
freshman,female,11
let,female,11
needed,female,11
expected,female,11
carter,female,11
independent,female,11
explained,female,11
show,female,11
necessary,female,11
copy,female,11
behind,female,11
asking,female,11
$,female,11
thank,female,10
chance,female,10
skim,male,10
board,female,10
talking,female,10
figure,male,10
horrible,female,10
told,female,10
talking,male,10
worked,male,10
essentially,female,10
accent,female,10
kinda,female,10
detail,male,10
fall,female,10
favorite,female,10
likes,male,10
slide,male,10
drop,male,10
lenient,male,10
facts,male,10
names,male,10
gotten,male,10
campuswire,male,10
summer,female,10
coronavirus,female,10
correct,female,10
offered,female,10
provides,female,10
gorshein,male,10
future,female,10
wrong,female,10
despite,female,10
busy,female,10
ls30a,female,10
despite,male,10
materials,female,10
must,female,10
writing,female,10
incredibly,female,10
system,male,10
recommended,female,10
<,female,10
enjoy,female,10
seriously,male,10
keep,female,10
courses,female,10
drop,female,10
step,female,10
past,male,10
luck,male,10
approachable,female,10
•,female,10
sweet,female,10
courses,male,10
lowest,male,10
teachers,male,10
beyond,male,10
incredible,male,10
optional,male,10
provide,male,10
college,male,10
case,male,10
manageable,male,10
okay,male,10
regret,male,10
mistakes,male,10
structure,male,10
giving,male,10
glad,male,10
pages,male,10
less,male,10
choose,male,10
small,male,10
20a,male,10
per,male,10
images,male,9
later,male,9
decent,male,9
wish,male,9
standardized,male,9
responses,female,9
+,male,9
basic,female,9
started,female,9
respond,male,9
module,male,9
early,female,9
peqs,male,9
beginning,female,9
offer,male,9
spends,female,9
7,female,9
prepare,female,9
allowed,male,9
structured,male,9
small,female,9
believe,female,9
else,female,9
mention,male,9
knew,female,9
covid,female,9
stuck,male,9
b,female,9
absolute,female,9
research,male,9
pandemic,male,9
sucks,male,9
minute,female,9
equations,male,9
discuss,male,9
example,female,9
brent,male,9
gpa,male,9
difference,male,9
portion,female,9
lol,female,9
iclicker,female,9
failed,male,9
hope,male,9
teaches,female,9
helps,female,9
truly,female,9
type,female,9
lal,male,9
text,female,9
next,female,9
whatever,male,9
huge,female,9
c,female,9
thoroughly,female,9
using,female,9
blanks,male,9
awesome,female,9
$,male,9
expect,female,9
groups,female,9
whether,female,9
heavy,male,9
bacon,male,9
mandatory,female,9
human,male,9
guide,male,9
willing,female,9
boring,female,9
needed,male,9
knowledgeable,female,9
negative,female,9
opportunity,female,9
missed,male,9
complex,male,9
grasp,male,9
avoid,male,9
14a,male,9
25,male,9
guides,male,9
solid,male,9
biggest,male,9
smart,male,9
80,male,9
strong,female,9
except,male,9
u,male,9
explanations,male,9
opportunity,male,9
place,male,9
happy,male,9
detailed,male,9
leave,female,9
system,female,9
lol,male,9
details,female,9
single,female,9
pts-,female,9
started,male,9
10/10,female,9
collaborative,female,8
indian,male,8
maybe,female,8
poorly,female,8
b+,female,8
handouts,male,8
crazy,female,8
gets,female,8
email,female,8
session,male,8
regardless,male,8
worked,female,8
rest,female,8
covid-19,female,8
stay,female,8
friends,male,8
challenge,male,8
2020,female,8
calculator,female,8
awful,female,8
wonderful,male,8
winter,female,8
detail,female,8
informative,female,8
bruinwalk,female,8
heavily,female,8
chodrow,male,8
speak,female,8
addition,female,8
uses,male,8
],female,8
figure,female,8
cared,male,8
normal,female,8
accommodating,female,8
big,female,8
wording,male,8
r,female,8
solid,female,8
plays,male,8
music,male,8
night,male,8
passion,male,8
method,male,8
community,male,8
pick,male,8
head,male,8
critical,male,8
unnecessary,male,8
post,male,8
friend,male,8
math,male,8
words,male,8
follow,male,8
twice,male,8
quizlet,male,8
background,female,8
[,female,8
finish,female,8
partially,female,8
individual,female,8
proof,female,8
physics,female,8
90,male,8
number,female,8
easiest,female,8
looking,female,8
bio,female,8
depth,female,8
mind,female,8
greek,male,8
old,female,8
processes,male,8
quickly,female,8
teachers,female,8
memes,male,8
25,female,8
passed,female,8
received,female,8
left,female,8
board,male,8
hated,male,8
anyway,male,8
hw,male,8
objectives,male,8
covers,male,8
otherwise,male,8
tells,male,8
require,male,8
break,male,8
clickers,male,8
accent,male,8
generally,male,8
listen,male,8
main,male,8
resource,male,8
quality,male,8
occasionally,male,8
writing,male,8
trick,male,8
type,male,8
early,male,8
process,male,8
correct,male,8
whether,male,8
tons,male,8
understood,male,8
syllabus,male,8
three,female,8
asking,male,8
preparing,male,8
seriously,female,8
days,female,8
conley,female,8
stem,female,8
seemed,female,8
concerned,female,8
understandable,female,8
page,male,8
luck,female,8
14c,male,8
project,male,8
included,male,8
nothing,female,8
needs,female,8
wanted,female,8
fail,male,8
info,male,8
yet,male,8
puts,male,8
cheat,female,8
perfect,male,8
fantastic,male,7
majority,female,7
tedious,male,7
giving,female,7
memorization,female,7
ideas,female,7
tried,male,7
ls7,female,7
biggest,female,7
bearable,male,7
1a,male,7
total,female,7
current,male,7
specifically,male,7
generously,male,7
completed,female,7
pain,male,7
b.,male,7
explanation,female,7
ridiculous,male,7
english,female,7
enthusiastic,male,7
struggled,female,7
missing,male,7
luckily,female,7
add,female,7
quick,male,7
late,female,7
looked,male,7
2-3,male,7
puts,female,7
politics,male,7
chat,male,7
begin,male,7
phases,male,7
14b,male,7
dropped,male,7
slightly,female,7
perfect,female,7
assigns,female,7
morris-wright,female,7
stories,male,7
entirely,female,7
stat,female,7
alexandrova,female,7
studied,female,7
somewhat,female,7
real,female,7
throughout,female,7
rely,female,7
8,female,7
page,female,7
queen,female,7
certain,female,7
opportunities,female,7
14a,female,7
unlike,male,7
presented,male,7
consists,male,7
double,male,7
genuine,male,7
plus,male,7
complain,male,7
thanks,male,7
trust,female,7
and/or,male,7
decided,male,7
website,male,7
classmates,male,7
pts,male,7
save,male,7
ways,female,7
certainly,male,7
joke,male,7
freshman,male,7
guess,female,7
besides,female,7
friendly,female,7
cover,female,7
60,female,7
suggest,female,7
tells,female,7
order,female,7
random,female,7
seen,female,7
knowing,female,7
require,female,7
check,male,7
couple,male,7
forward,male,7
lecturing,female,7
40,female,7
patient,female,7
regret,female,7
idea,female,7
cool,female,7
along,male,7
choose,female,7
posts,female,7
within,female,7
pointless,female,7
6,female,7
lavine,female,7
submit,female,7
las,female,7
garfinkel,female,7
selling,female,7
covers,female,7
spent,male,7
constantly,male,7
pass,female,7
thank,male,7
guess,male,7
lecturing,male,7
6,male,7
dont,male,7
idea,male,7
parts,male,7
applications,male,7
45,male,7
ways,male,7
averages,male,7
concise,male,7
dr,male,7
zoom,male,7
attended,male,7
room,male,7
friendly,male,7
random,male,7
yeah,male,7
totally,male,7
told,male,7
9,male,7
10/10,male,7
next,male,7
stem,male,7
concerned,male,7
home,male,7
papers,male,7
saying,male,7
hate,male,7
related,male,7
crazy,male,7
finished,male,7
clarify,male,7
true,female,7
receive,female,7
structure,female,7
syllabus,female,7
somehow,male,7
oh,female,7
45,female,7
actual,male,7
loves,male,7
surveys,female,7
unclear,female,7
mentioned,female,6
groupwork,female,6
clickers,female,6
focused,male,6
yet,female,6
lack,female,6
years,male,6
break,female,6
name,male,6
change,female,6
requirement,male,6
showing,male,6
outside,female,6
tested,female,6
24,female,6
appreciated,male,6
situations,male,6
majors,female,6
depending,female,6
liked,female,6
info,female,6
foundation,female,6
film,female,6
thinks,female,6
pdf,female,6
essential,male,6
calc,female,6
sharmila,female,6
campus,male,6
well-being,male,6
personal,male,6
mainly,male,6
team,female,6
fill,male,6
boost,male,6
condescending,male,6
bother,female,6
correctness,female,6
objectives,female,6
tends,female,6
hand,female,6
watched,male,6
attempts,female,6
75,male,6
30a,female,6
meant,male,6
agree,female,6
parts,female,6
response,female,6
applications,female,6
prior,male,6
harsh,female,6
zoom,female,6
cut,female,6
fully,male,6
lost,female,6
mcevoy,female,6
quality,female,6
formula,female,6
appreciate,female,6
favor,female,6
testing,female,6
thorough,male,6
ultimately,female,6
struggle,female,6
detailed,female,6
available,female,6
room,female,6
homeworks,female,6
instructor,female,6
added,female,6
top,female,6
understands,female,6
attended,female,6
reviewed,male,6
scale,female,6
smart,female,6
answered,female,6
god,female,6
rarely,male,6
writes,female,6
avoid,female,6
memorize,female,6
synchronous,female,6
working,female,6
115a,female,6
considering,female,6
process,female,6
hazel,female,6
asynchronous,female,6
says,female,6
unfortunately,male,6
additionally,male,6
requires,female,6
manual,female,6
movies,female,6
a+,male,6
positive,female,6
support,female,6
light,female,6
matters,female,6
listening,female,6
towards,male,6
cumulative,female,6
mean,female,6
understood,female,6
formulas,male,6
conceptual,male,6
culture,male,6
plan,male,6
skills,male,6
bruincasted,male,6
phil,male,6
homeworks,male,6
slightly,male,6
rely,male,6
assignment,male,6
large,male,6
patient,male,6
compared,male,6
mentioned,male,6
b+,male,6
gets,male,6
poorly,male,6
<,male,6
thinks,male,6
pdf,male,6
response,male,6
sweet,male,6
leave,male,6
knew,male,6
considering,male,6
addition,male,6
working,male,6
passed,male,6
light,male,6
rate,male,6
matters,male,6
asks,male,6
push,male,6
bonus,male,6
proud,male,6
workshops,male,6
via,male,6
b-,male,6
ready,male,6
met,male,6
reflection,male,6
appreciation,male,6
compare,male,6
dedicated,male,6
shoutout,male,6
meet,male,6
exact,male,6
allow,male,6
ensure,male,6
accuracy,male,6
14,male,6
discussed,male,6
live,male,6
speak,male,5
frequently,female,5
solutions,male,5
saved,female,5
dont,female,5
poll,female,5
formulas,female,5
check,female,5
receive,male,5
feedback,male,5
watched,female,5
forget,female,5
completing,male,5
normal,male,5
surveys,male,5
supposed,female,5
friend,female,5
self,female,5
computational,female,5
together,male,5
shows,female,5
struggled,male,5
trust,male,5
vague,male,5
breakdown,male,5
version,female,5
managed,male,5
forward,female,5
greatly,female,5
covid-19,male,5
dumb,female,5
condescending,female,5
numbers,female,5
instructors,female,5
lucky,female,5
harshly,female,5
equations,female,5
large,female,5
held,female,5
stop,female,5
errors,female,5
requirement,female,5
count,female,5
received,male,5
thus,female,5
structured,female,5
ideas,male,5
spring,male,5
realize,female,5
easiest,male,5
depth,male,5
fully,female,5
stopped,female,5
directly,male,5
comes,female,5
scale,male,5
true/false,female,5
20a,female,5
prior,female,5
complex,female,5
catch,female,5
impossible,female,5
solutions,female,5
video,female,5
breakdown,female,5
yeah,female,5
anyways,female,5
guides,female,5
beware,female,5
70,female,5
managed,female,5
ton,female,5
main,female,5
projects,female,5
meant,female,5
costs,female,5
films,female,5
stressful,female,5
completing,female,5
longer,female,5
reader,female,5
stick,female,5
feedback,female,5
happy,female,5
anyway,female,5
bank,female,5
sent,female,5
talked,female,5
75,female,5
hated,female,5
instructions,female,5
gotten,female,5
typically,female,5
papers,female,5
anxiety,female,5
wonderful,female,5
beyond,female,5
vague,female,5
enrolled,female,5
directly,female,5
session,female,5
dr,female,5
glad,female,5
frustrating,female,5
spending,female,5
lost,male,5
except,female,5
changed,female,5
changed,male,5
informative,male,5
personal,female,5
include,female,5
sheets,female,5
clarify,female,5
spring,female,5
finished,female,5
exercises,female,5
fill,female,5
side,female,5
interested,female,5
polls,female,5
averages,female,5
talks,female,5
together,female,5
mainly,female,5
ghez,female,5
issues,female,5
concise,female,5
support,male,5
appreciate,male,5
plenty,male,5
events,male,5
suck,male,5
alone,male,5
list,male,5
challenged,male,5
watch,male,5
hosted,male,5
dependent,male,5
irrelevant,male,5
meaning,male,5
ok,male,5
poli,male,5
highlight,male,5
cellular,male,5
language,male,5
silly,male,5
zone,male,5
lecturers,male,5
lin,male,5
daunting,male,5
become,male,5
proposal,male,5
deal,male,5
lose,male,5
13,male,5
onto,male,5
1st,male,5
fulfill,male,5
imagine,male,5
molecular,male,5
problem-solving,male,5
track,male,5
reference,male,5
possibly,male,5
leniently,male,5
consist,male,5
c-,male,5
angel,male,5
dude,male,5
minimum,male,5
likely,male,5
force,male,5
grader,male,5
expects,male,5
master,male,5
accommodate,male,5
stress,female,5
ass,male,5
click,male,5
ability,male,5
intro,male,5
dumb,male,5
pre-class,male,5
nada,male,5
ee1,male,5
forgot,male,5
f,male,5
careful,male,5
consisted,male,5
mentions,male,5
etc.,male,5
ua,male,5
common,male,5
highest,male,5
memorized,male,5
create,male,5
fletcher,male,5
respect,male,5
policy,male,5
mass,male,5
stations,male,5
slow,male,5
dense,female,5
lets,male,5
answering,male,5
emails,male,5
setting,male,5
recorded,male,5
calculus,male,5
completion,male,5
worksheet,male,5
situation,male,5
level,male,5
terrible,male,5
exactly,male,5
close,male,5
nearly,male,5
minute,male,5
mathematics,female,5
afraid,male,5
constantly,female,5
conceptually,female,5
lenient,female,5
repeats,female,5
hear,male,5
regular,female,5
clc,female,5
department,female,5
in-depth,female,5
incredible,female,5
needs,male,5
left,male,5
+,female,5
engaged,male,5
synthesis,male,5
bunch,male,5
watching,male,5
ace,male,5
mindset,male,5
1c,male,5
white,male,5
present,male,5
circumstances,male,5
brings,male,5
unnecessarily,male,5
listed,male,5
sci,male,5
curves,male,5
held,male,5
sooo,male,5
king,male,5
worst,male,5
health,male,5
lastly,male,5
cumulative,male,4
heavily,male,4
numbers,male,4
assigns,male,4
luckily,male,4
somewhat,male,4
count,male,4
knowledgeable,male,4
40,male,4
step,male,4
future,male,4
knowing,male,4
besides,male,4
bother,male,4
suggest,male,4
curved,male,4
instructors,male,4
agree,male,4
pointless,male,4
within,male,4
busy,male,4
department,male,4
instructor,male,4
code,male,4
barely,male,4
add,male,4
horrible,male,4
realize,male,4
understands,male,4
examinations,female,4
labs,male,4
india,male,4
reasons,male,4
vocab,male,4
historical,male,4
tl,male,4
sell,male,4
significant,male,4
exciting,male,4
unit,male,4
o-chem,male,4
international,male,4
anybody,male,4
weird,male,4
overview,male,4
tutorials,male,4
retake,male,4
cadavers,male,4
legend,male,4
career,male,4
function,male,4
earn,male,4
reputation,male,4
fundamental,male,4
station,male,4
describe,male,4
hall,male,4
downside,male,4
alright,male,4
dates,male,4
didnt,male,4
asleep,male,4
shown,male,4
bringing,male,4
upper,male,4
summaries,male,4
insane,male,4
justice,male,4
literature,male,4
identify,male,4
promise,male,4
cheap,male,4
forced,male,4
consider,male,4
compassionate,male,4
ego,male,4
emailed,male,4
pop,male,4
lower,female,4
hope,female,4
decide,male,4
mythology,male,4
filling,male,4
baugh,male,4
edition,male,4
presents,male,4
mini,male,4
midterm/final,female,4
humor,female,4
feeling,female,4
muscles,male,4
gpa,female,4
supplement,female,4
close,female,4
approach,female,4
worry,female,4
pace,female,4
missed,female,4
100a,female,4
tldr,female,4
disc,male,4
encouraging,male,4
emphasis,male,4
julian,male,4
120,male,4
hesitate,male,4
695,male,4
nuclear,male,4
5-6,male,4
caught,male,4
fast-paced,male,4
gem,male,4
connect,male,4
skimming,male,4
various,male,4
difficulties,male,4
anatomy,male,4
relatable,male,4
scared,male,4
creates,male,4
books,male,4
obvious,male,4
game,male,4
aware,male,4
encourage,male,4
ids,male,4
portions,male,4
bunch,female,4
finally,female,4
pick,female,4
self-study,female,4
education,female,4
mcdb,female,4
focus,female,4
news,female,4
head,female,4
showed,female,4
sign,female,4
carefully,female,4
lady,female,4
confusion,female,4
rarely,female,4
significantly,female,4
clarification,female,4
somehow,female,4
owl,female,4
speed,female,4
naturally,female,4
proper,female,4
bruin,female,4
tools,male,4
clarity,female,4
paying,female,4
worse,female,4
curriculum,female,4
ls30,female,4
therapy,female,4
unfortunately,female,4
unreasonable,female,4
additionally,female,4
accessible,female,4
uses,female,4
assign,female,4
academic,female,4
presentation,female,4
a+,female,4
deeply,female,4
engaged,female,4
discouraged,female,4
recordings,female,4
regarding,female,4
wait,female,4
soul,female,4
bored,female,4
advantage,female,4
deeper,male,4
spaced,male,4
believes,male,4
immensely,male,4
skip,male,4
deserve,female,4
instance,male,4
nature,male,4
tbh,male,4
learnt,male,4
occasions,male,4
enjoyable,female,4
scored,male,4
fault,male,4
flexible,male,4
trouble,male,4
philosophy,male,4
everyday,male,4
stated,male,4
crucial,male,4
knowledgable,male,4
circuit,male,4
standard,male,4
holds,male,4
five,male,4
reach,female,4
designed,female,4
pre-recorded,female,4
key,female,4
call,female,4
options,female,4
boost,female,4
loves,female,4
scheduled,female,4
disorganized,female,4
campus,female,4
paid,female,4
near,female,4
planned,female,4
health,female,4
thinking,female,4
lesson,female,4
four,female,4
springs,male,4
3-4,female,4
limited,male,4
nearly,female,4
wait,male,4
totally,female,4
showed,male,4
applied,female,4
speed,male,4
additional,female,4
worried,female,4
designed,male,4
u,female,4
equally,female,4
saying,female,4
percent,female,4
personality,male,4
schemes,female,4
doubt,female,4
starts,male,4
7b,female,4
ends,female,4
annoying,female,4
frustrating,male,4
weekend,female,4
attitude,female,4
supposed,male,4
place,female,4
preparation,male,4
sit,female,4
worded,male,4
ahead,male,4
trice,female,4
essay,female,4
proper,male,4
uploaded,female,4
name,female,4
accessible,male,4
sort,female,4
resource,female,4
whenever,male,4
issue,female,4
bring,male,4
la,female,4
applying,male,4
issue,male,4
breeze,female,4
weekend,male,4
sit,male,4
home,female,4
mistake,male,4
thursday,female,4
activities,male,4
listen,female,4
effective,male,4
greatest,male,4
occasionally,female,4
stupid,male,4
lower,male,4
3-4,male,4
pace,male,4
showing,female,4
allows,female,4
program,female,4
humor,male,4
practically,female,4
applying,female,4
youtube,male,4
80,female,4
run,male,4
pena,female,4
cells,female,4
reinforce,female,4
types,female,4
model,female,4
instruction,female,4
advice,female,4
attempt,male,4
memorizing,female,4
phase,female,4
past,female,4
whenever,female,4
effectively,female,4
buy,female,4
bring,female,4
concern,female,4
afraid,female,4
effective,female,4
related,female,4
environment,female,4
stupid,female,4
9,female,4
greatest,female,4
situations,female,4
accommodations,female,4
hopefully,female,4
brain,female,4
move,female,4
wording,female,4
creative,female,4
quarters,female,4
several,female,4
participate,male,4
tons,female,4
emphasizes,male,4
woman,female,4
interactive,female,4
happen,male,4
skim,female,4
seeing,male,4
telling,male,4
everybody,female,4
poor,female,4
strict,female,4
mixed,male,4
activities,female,4
minimal,male,4
across,female,4
period,female,4
helping,male,4
mistake,female,4
false,male,4
middle,female,4
bc,female,4
peers,male,4
works,male,4
incorrect,female,4
relevant,female,4
benefit,female,4
hate,female,4
years,female,4
honest,female,4
35,female,4
wholesome,male,3
hilarious,male,3
particularly,male,3
balance,male,3
calculation,male,3
derivations,male,3
friday,male,3
pushes,male,3
trivial,male,3
unique,male,3
rep,male,3
rare,male,3
improve,male,3
formatted,male,3
t.a,male,3
stellar,male,3
mit,male,3
familiar,male,3
comparable,male,3
68,male,3
challenges,male,3
concrete,male,3
emphasized,male,3
72,male,3
assignments-,male,3
saw,male,3
picture,male,3
perform,male,3
methods,male,3
tend,male,3
utmost,male,3
150,male,3
solely,male,3
asynchronous,male,3
cs,male,3
reflect,male,3
somebody,male,3
adjusted,male,3
extensive,male,3
ten,male,3
political,male,3
war,male,3
formats,male,3
haha,male,3
30/90,male,3
exaggerate,male,3
horribly,male,3
anywhere,male,3
reasonably,male,3
body,male,3
moves,male,3
plug,male,3
mastered,male,3
letter,male,3
chug,male,3
initially,male,3
positive,male,3
charge,male,3
unfair,male,3
intense,male,3
necessarily,male,3
advance,male,3
presence,male,3
phone,male,3
communicate,male,3
unpredictable,male,3
known,male,3
individually,male,3
perfectly,male,3
builds,male,3
attempts,male,3
35,male,3
additional,male,3
breeze,male,3
applied,male,3
doubt,male,3
across,male,3
benefit,male,3
honest,male,3
gained,male,3
true/false,male,3
instructions,male,3
manual,male,3
catch,male,3
projects,male,3
bank,male,3
stressful,male,3
sheets,male,3
forget,male,3
brought,male,3
beast,male,3
happens,male,3
tremendously,male,3
wow,male,3
objects,male,3
surprisingly,male,3
briefly,male,3
term,male,3
expert,male,3
tips,male,3
fuck,male,3
ride,male,3
amongst,male,3
grateful,male,3
mere,male,3
rewarding,male,3
pushed,male,3
capable,male,3
underestimate,male,3
fashion,male,3
speeches,male,3
mins,male,3
theoretical,male,3
social,male,3
consideration,male,3
mt1,male,3
properly,male,3
inside,male,3
uploads,male,3
handle,male,3
timed,male,3
voice,male,3
insanely,male,3
emphasize,male,3
developed,male,3
transition,male,3
def,male,3
mc,male,3
participation-,male,3
age,male,3
pods,male,3
stages,male,3
purely,male,3
consuming,male,3
wrote,male,3
purchase,male,3
midterms/final,male,3
leeway,male,3
prompts,male,3
model,male,3
concern,male,3
move,male,3
importance,male,3
abstract,male,3
harp,male,3
hypothetical,male,3
origins,male,3
bones,male,3
lazy,male,3
models,male,3
depends,male,3
jesus,male,3
textbooks,male,3
obscure,male,3
putting,male,3
chose,male,3
space,male,3
93,male,3
objective,male,3
touched,male,3
advise,male,3
beneficial,male,3
freshmen,male,3
powerpoint,male,3
sort,male,3
supplement,male,3
feeling,male,3
overwhelming,male,3
affect,male,3
complicated,male,3
happened,male,3
1-2,male,3
fan,male,3
prompt,male,3
distribution,male,3
busywork,male,3
rubric,male,3
examinations,male,3
horror,male,3
walk,male,3
became,male,3
digestible,male,3
comparison,male,3
lucky,male,3
ultimately,male,3
greatly,male,3
importantly,male,3
procrastinate,male,3
feels,male,3
principles,male,3
academic,male,3
deeply,male,3
assign,male,3
finally,male,3
dense,male,3
significantly,male,3
call,male,3
imo,male,3
called,male,3
counts,male,3
quantum,male,3
alot,male,3
recall,male,3
mental,male,3
aspect,male,3
studies,male,3
passing,male,3
manner,male,3
stressed,male,3
grad,male,3
utilize,male,3
followed,male,3
play,male,3
crunch,male,3
107,male,3
boosted,male,3
incorporate,male,3
concerns,male,3
hell,male,3
korea,male,3
refer,male,3
relations,male,3
#,male,3
2nd,male,3
staying,male,3
references,male,3
interests,male,3
draft,male,3
cracks,male,3
limit,male,3
sufficient,male,3
connections,male,3
mediocre,male,3
physical,male,3
neither,male,3
shout,male,3
sat,male,3
active,male,3
wire,male,3
sound,male,3
empathy,male,3
comparing,male,3
sleep,male,3
subjects,male,3
lie,male,3
encouraged,male,3
excited,male,3
began,male,3
abilities,male,3
forum,male,3
sentences,male,3
t/f,male,3
hot,male,3
changes,male,3
relating,male,3
sapling,male,3
handout,male,3
lazazzera,male,3
data,male,3
result,male,3
date,male,3
north,male,3
keeps,male,3
correlate,male,3
tricks,male,3
-if,male,3
intuitive,male,3
units,male,3
enjoying,male,3
tho,male,3
....,male,3
hold,male,3
blanked,male,3
wont,male,3
algorithms,male,3
theatre,male,3
money,male,3
paced,male,3
quote,male,3
majors,male,3
76,male,3
preclass,male,3
blank,male,3
includes,male,3
story,male,3
cancelled,male,3
played,male,3
doctor,male,3
screenings,male,3
normally,male,3
python,male,3
contact,male,3
guest,male,3
interactive,male,3
sad,male,3
struggle,male,3
higher,female,3
prefer,female,3
expectations,female,3
leading,female,3
politics,female,3
updating,female,3
hurt,female,3
satisfy,female,3
passionate,female,3
mixed,female,3
distribution,female,3
amid,female,3
ease,female,3
ur,female,3
increasingly,female,3
emphasizes,female,3
chat,female,3
minimal,female,3
venogupal,female,3
senate,female,3
>,female,3
keeping,female,3
tool,female,3
helping,female,3
regards,female,3
7c,female,3
continue,female,3
hey,female,3
busywork,female,3
ass,female,3
pain,female,3
in-class,female,3
eventually,female,3
dr.v,female,3
build,female,3
freaked,female,3
collaboration,female,3
form,female,3
1-2,female,3
towards,female,3
remote,female,3
window,female,3
slow,female,3
handful,female,3
unnecessary,female,3
cons,female,3
post,female,3
idk,female,3
telling,female,3
happened,female,3
happen,female,3
reasoning,female,3
looked,female,3
2-3,female,3
heart,female,3
likely,female,3
fan,female,3
32a,female,3
trauma,female,3
convenient,female,3
thats,female,3
turned,female,3
engineer,female,3
research,female,3
seeing,female,3
biological,female,3
prompt,female,3
false,female,3
beforehand,female,3
overwhelming,female,3
intro,female,3
statements,female,3
tried,female,3
typos,female,3
bruincast,female,3
8am,female,3
ls30b,female,3
comparison,female,3
perhaps,female,3
remember,female,3
weighted,female,3
tedious,female,3
quizzes/tests,female,3
ec,female,3
participate,female,3
missing,female,3
scenarios,female,3
stories,female,3
questioning,female,3
power,female,3
handled,female,3
option,female,3
well-being,female,3
conclusion,female,3
hear,female,3
kept,female,3
grasp,female,3
challenge,female,3
responds,female,3
sitting,female,3
submission,female,3
yell,female,3
digestible,female,3
bet,female,3
became,female,3
arts,female,3
sean,female,3
click,female,3
mastery,female,3
peers,female,3
confident,female,3
furthermore,female,3
figuring,female,3
criticism,female,3
guard,female,3
bottom,female,3
line,female,3
core,female,3
convinced,female,3
repeat,female,3
incoming,female,3
walk,female,3
equivalent,female,3
rubric,female,3
debra,female,3
released,female,3
university,female,3
unhelpful,female,3
horror,female,3
ability,female,3
b.,female,3
reviewed,female,3
pros,female,3
wang,female,3
convoluted,female,3
critical,female,3
complicated,female,3
works,female,3
affect,female,3
awful,male,3
clarifying,female,3
please,female,3
wrap,female,3
varied,female,3
2020,male,3
hands,female,3
winter,male,3
suck,female,3
definitions,female,3
starts,female,3
prado,female,3
collaborative,male,3
statistical,female,3
seats,female,3
reviewers,female,3
movie,female,3
alot,female,3
recall,female,3
mental,female,3
disability,female,3
aspect,female,3
studies,female,3
recommended,male,3
expecting,female,3
powerpoints,female,3
chapter,female,3
/,female,3
sets,female,3
q,female,3
twice,female,3
drops,male,3
c+,female,3
quantum,female,3
maximum,female,3
khan,female,3
pages,female,3
rude,female,3
following,female,3
academy,female,3
setting,female,3
joke,female,3
majority,male,3
stresses,female,3
16,female,3
trick,female,3
imo,female,3
including,female,3
thorough,female,3
draw,female,3
ridiculous,female,3
counts,female,3
na,female,3
bs,female,3
lose,female,3
screwed,female,3
thrown,female,3
personality,female,3
visualize,female,3
aced,female,3
called,female,3
quizes,female,3
submit,male,3
focuses,female,3
russian,female,3
quizlet,female,3
flipped-classroom,female,3
enthusiastic,female,3
passing,female,3
earlier,female,3
disliked,female,3
careful,female,3
front,female,3
flaws,female,3
providing,female,3
notation,female,3
mention,female,3
struggling,female,3
consist,female,3
lecturers,female,3
run,female,3
procrastinate,female,3
youtube,female,3
feels,female,3
involved,female,3
hrs,female,3
lives,female,3
consisted,female,3
appreciated,female,3
attempt,female,3
application,female,3
spot,female,3
stuck,female,3
perspective,female,3
therefore,female,3
comment,female,3
skipped,female,3
raise,female,3
nitpicky,female,3
copy,male,3
importantly,female,3
self-teaching,female,3
ethical,female,3
distracting,female,3
preparation,female,3
surface,female,3
book/note,female,3
highschool,female,3
dedication,female,3
instructional,female,3
principles,female,3
list,female,3
essential,female,3
die,female,3
dropping,female,3
ben,female,3
ahead,female,3
92,female,3
electric,female,3
31b,female,3
adequately,female,3
worded,female,3
focused,female,3
w,female,3
nervous,female,3
ratings,female,3
intelligent,female,3
48,female,3
shut,female,3
hr,female,3
marks,female,3
words,female,3
gripe,female,3
basics,female,3
dependent,female,3
baugh,female,0
sci,female,0
edition,female,0
presents,female,0
mini,female,0
listed,female,0
present,female,0
white,female,0
curves,female,0
sooo,female,0
unnecessarily,female,0
ace,female,0
mindset,female,0
1c,female,0
circumstances,female,0
brings,female,0
mythology,female,0
filling,female,0
difficulties,female,0
decide,female,0
disc,female,0
julian,female,0
lastly,female,0
connect,female,0
skimming,female,0
anatomy,female,0
relatable,female,0
scared,female,0
creates,female,0
books,female,0
obvious,female,0
game,female,0
aware,female,0
various,female,0
encouraging,female,0
muscles,female,0
king,female,0
forgot,female,0
c-,female,0
highlight,female,0
alone,female,0
challenged,female,0
hosted,female,0
irrelevant,female,0
meaning,female,0
ok,female,0
poli,female,0
cellular,female,0
lets,female,0
language,female,0
leniently,female,0
mentions,female,0
etc.,female,0
ua,female,0
fast-paced,female,0
common,female,0
events,female,0
silly,female,0
plenty,female,0
zone,female,0
daunting,female,0
become,female,0
proposal,female,0
deal,female,0
13,female,0
onto,female,0
1st,female,0
fulfill,female,0
imagine,female,0
molecular,female,0
problem-solving,female,0
track,female,0
reference,female,0
possibly,female,0
lin,female,0
gem,female,0
alright,female,0
caught,female,0
describe,female,0
handled,male,0
option,male,0
shown,female,0
conclusion,male,0
bringing,female,0
kept,male,0
upper,female,0
responds,male,0
5-6,female,0
sitting,male,0
submission,male,0
yell,male,0
summaries,female,0
justice,female,0
literature,female,0
identify,female,0
power,male,0
questioning,male,0
asleep,female,0
scenarios,male,0
memorized,female,0
portions,female,0
ids,female,0
quizzes/tests,male,0
encourage,female,0
weighted,male,0
hall,female,0
downside,female,0
ls30b,male,0
8am,male,0
bruincast,male,0
typos,male,0
dates,female,0
statements,male,0
didnt,female,0
promise,female,0
cheap,female,0
forced,female,0
weird,female,0
tutorials,female,0
retake,female,0
cadavers,female,0
legend,female,0
career,female,0
function,female,0
earn,female,0
emailed,female,0
station,female,0
pop,female,0
emphasis,female,0
120,female,0
hesitate,female,0
695,female,0
nuclear,female,0
overview,female,0
international,female,0
consider,female,0
india,female,0
compassionate,female,0
ego,female,0
insane,female,0
fundamental,female,0
anybody,female,0
reputation,female,0
reasons,female,0
vocab,female,0
historical,female,0
tl,female,0
sell,female,0
significant,female,0
exciting,female,0
unit,female,0
o-chem,female,0
highest,female,0
essays,female,0
create,female,0
campuswire,female,0
difference,female,0
blanks,female,0
bacon,female,0
peqs,female,0
respond,female,0
standardized,female,0
facts,female,0
names,female,0
processes,female,0
slide,female,0
likes,female,0
gorshein,female,0
diagrams,female,0
classics,female,0
solve,female,0
entertaining,female,0
failed,female,0
lal,female,0
whatever,female,0
brent,female,0
handouts,female,0
indian,female,0
regardless,female,0
chodrow,female,0
cared,female,0
included,female,0
14c,female,0
fail,female,0
preparing,female,0
offer,female,0
discuss,female,0
human,female,0
images,female,0
sucks,female,0
module,female,0
encourages,female,0
chill,female,0
200,female,0
1b,female,0
history,female,0
..,female,0
organic,female,0
practical,female,0
lavelle,female,0
beren,female,0
14d,female,0
man,female,0
guy,female,0
min,female,0
anish,female,0
pham,female,0
nag,female,0
corbin,female,0
maloy,female,0
bet,male,0
ochem,female,0
friscia,female,0
goldberg,female,0
interest,female,0
protected,female,0
reactions,female,0
braybrook,female,0
hardest,female,0
partial,female,0
gon,female,0
analysis,female,0
world,female,0
jokes,female,0
specific,female,0
success,female,0
chandler,female,0
theater,female,0
solving,female,0
greek,female,0
memes,female,0
fletcher,female,0
exact,female,0
plan,female,0
rate,female,0
culture,female,0
asks,female,0
14,female,0
discussed,female,0
accuracy,female,0
meet,female,0
plays,female,0
shoutout,female,0
dedicated,female,0
compare,female,0
appreciation,female,0
met,female,0
ensure,female,0
push,female,0
skills,female,0
bruincasted,female,0
phil,female,0
synthesis,female,0
respect,female,0
policy,female,0
mass,female,0
stations,female,0
f,female,0
ee1,female,0
angel,female,0
nada,female,0
dude,female,0
minimum,female,0
force,female,0
grader,female,0
expects,female,0
master,female,0
accommodate,female,0
ready,female,0
b-,female,0
via,female,0
consists,female,0
genuine,female,0
plus,female,0
complain,female,0
thanks,female,0
and/or,female,0
decided,female,0
website,female,0
classmates,female,0
pts,female,0
save,female,0
community,female,0
method,female,0
passion,female,0
night,female,0
music,female,0
double,female,0
presented,female,0
workshops,female,0
unlike,female,0
proud,female,0
bonus,female,0
allow,female,0
reflection,female,0
fantastic,female,0
bearable,female,0
1a,female,0
certainly,female,0
current,female,0
specifically,female,0
generously,female,0
begin,female,0
quick,female,0
14b,female,0
phases,female,0
tools,female,0
wang,male,0
knowledgable,female,0
middle,male,0
attitude,male,0
perform,female,0
wholesome,female,0
calculation,female,0
derivations,female,0
friday,female,0
hilarious,female,0
utmost,female,0
woman,male,0
unique,female,0
everybody,male,0
strict,male,0
pushes,female,0
bc,male,0
tend,female,0
charge,female,0
particularly,female,0
mastered,female,0
horribly,female,0
anywhere,female,0
reasonably,female,0
body,female,0
moves,female,0
plug,female,0
thursday,male,0
schemes,male,0
letter,female,0
program,male,0
practically,male,0
uploaded,male,0
chug,female,0
initially,female,0
balance,female,0
trivial,female,0
exaggerate,female,0
formats,female,0
mit,female,0
anyways,male,0
stellar,female,0
t.a,female,0
formatted,female,0
unfair,female,0
necessarily,female,0
70,male,0
happens,female,0
wow,female,0
objects,female,0
surprisingly,female,0
briefly,female,0
term,female,0
beware,male,0
familiar,female,0
rare,female,0
exercises,male,0
challenges,female,0
effectively,male,0
picture,female,0
saw,female,0
reinforce,male,0
deserve,male,0
assignments-,female,0
comparable,female,0
72,female,0
emphasized,female,0
concrete,female,0
68,female,0
rep,female,0
improve,female,0
allows,male,0
30/90,female,0
boosted,female,0
sleep,female,0
excited,female,0
encouraged,female,0
lie,female,0
subjects,female,0
100a,male,0
tldr,male,0
comparing,female,0
abilities,female,0
empathy,female,0
sound,female,0
wire,female,0
active,female,0
sat,female,0
creative,male,0
began,female,0
forum,female,0
shout,female,0
curriculum,male,0
107,female,0
crunch,female,0
unreasonable,male,0
play,female,0
therapy,male,0
ls30,male,0
worse,male,0
mediocre,female,0
paying,male,0
followed,female,0
limit,female,0
midterm/final,male,0
sufficient,female,0
connections,female,0
quarters,male,0
neither,female,0
haha,female,0
trice,male,0
extensive,female,0
incorrect,male,0
period,male,0
poor,male,0
ten,female,0
political,female,0
war,female,0
somebody,female,0
ends,male,0
7b,male,0
percent,male,0
equally,male,0
methods,female,0
worried,male,0
adjusted,female,0
reflect,female,0
physical,female,0
gained,female,0
brain,male,0
hopefully,male,0
accommodations,male,0
harp,female,0
environment,male,0
insanely,female,0
timed,female,0
cs,female,0
cells,male,0
types,male,0
150,female,0
instruction,male,0
solely,female,0
pena,male,0
expert,female,0
talked,male,0
sent,male,0
spends,male,0
coronavirus,male,0
harsh,male,0
ls30a,male,0
essentially,male,0
pts-,male,0
negative,male,0
responses,male,0
foundation,male,0
cheat,male,0
movies,male,0
conley,male,0
understandable,male,0
calculator,male,0
listening,male,0
film,male,0
depending,male,0
cut,male,0
independent,male,0
v,male,0
errors,male,0
statistics,male,0
linear,male,0
33a,male,0
algebra,male,0
in-depth,male,0
•,male,0
carter,male,0
regular,male,0
repeats,male,0
conceptually,male,0
obviously,male,0
mathematics,male,0
bruinwalk,male,0
r,male,0
tips,female,0
stat,male,0
groupwork,male,0
morris-wright,male,0
entirely,male,0
writes,male,0
115a,male,0
hazel,male,0
alexandrova,male,0
completed,male,0
english,male,0
explanation,male,0
synchronous,male,0
added,male,0
mcevoy,male,0
formula,male,0
queen,male,0
lack,male,0
proof,male,0
garfinkel,male,0
number,male,0
partially,male,0
sharmila,male,0
team,male,0
60,male,0
correctness,male,0
tends,male,0
late,male,0
30a,male,0
lavine,male,0
pass,male,0
unclear,male,0
calc,male,0
24,male,0
sheet,male,0
proofs,male,0
harshly,male,0
mt1,female,0
side,male,0
speeches,female,0
mins,female,0
theoretical,female,0
social,female,0
consideration,female,0
ghez,male,0
underestimate,female,0
properly,female,0
polls,male,0
include,male,0
inside,female,0
uploads,female,0
anxiety,male,0
fashion,female,0
capable,female,0
cladek,male,0
grateful,female,0
fuck,female,0
ride,female,0
costs,male,0
stick,male,0
amongst,female,0
longer,male,0
mere,female,0
version,male,0
films,male,0
typically,male,0
rewarding,female,0
saved,male,0
pushed,female,0
thus,male,0
handle,female,0
tremendously,female,0
beast,female,0
khankan,male,0
poll,male,0
rose,male,0
frequently,male,0
sanchez,male,0
stopped,male,0
pires,male,0
sherry,male,0
enrolled,male,0
coding,male,0
stop,male,0
venugopal,male,0
casey,male,0
lee,male,0
gong,male,0
cha,male,0
stats,male,0
sad,female,0
builds,female,0
perfectly,female,0
self,male,0
computational,male,0
individually,female,0
known,female,0
unpredictable,female,0
communicate,female,0
spending,male,0
phone,female,0
presence,female,0
brought,female,0
advance,female,0
intense,female,0
clarity,male,0
incorporate,female,0
crucial,female,0
cons,male,0
mc,female,0
remote,male,0
window,male,0
freaked,male,0
def,female,0
transition,female,0
developed,female,0
age,female,0
idk,male,0
importance,female,0
consuming,female,0
abstract,female,0
build,male,0
chose,female,0
participation-,female,0
collaboration,male,0
freshmen,female,0
trauma,male,0
midterms/final,female,0
purchase,female,0
engineer,male,0
turned,male,0
thats,male,0
convenient,male,0
32a,male,0
pods,female,0
wrote,female,0
purely,female,0
heart,male,0
emphasize,female,0
stages,female,0
reasoning,male,0
powerpoint,female,0
nitpicky,male,0
leeway,female,0
textbooks,female,0
providing,male,0
notation,male,0
earlier,male,0
putting,female,0
hypothetical,female,0
obscure,female,0
jesus,female,0
front,male,0
depends,female,0
models,female,0
self-teaching,male,0
lazy,female,0
distracting,male,0
bones,female,0
flaws,male,0
space,female,0
raise,male,0
advise,female,0
skipped,male,0
comment,male,0
therefore,male,0
perspective,male,0
beneficial,female,0
spot,male,0
touched,female,0
disliked,male,0
objective,female,0
93,female,0
lives,male,0
hrs,male,0
involved,male,0
ethical,male,0
biological,male,0
handful,male,0
presentation,male,0
furthermore,male,0
core,male,0
line,male,0
bottom,male,0
guard,male,0
criticism,male,0
figuring,male,0
scored,female,0
repeat,male,0
occasions,female,0
deeper,female,0
mastery,male,0
learnt,female,0
sean,male,0
perhaps,male,0
convinced,male,0
arts,male,0
beforehand,male,0
trouble,female,0
stated,female,0
convoluted,male,0
favor,male,0
pros,male,0
everyday,female,0
philosophy,female,0
flexible,female,0
incoming,male,0
unhelpful,male,0
university,male,0
released,male,0
debra,male,0
fault,female,0
equivalent,male,0
tbh,female,0
nature,female,0
dr.v,male,0
five,female,0
leading,male,0
holds,female,0
updating,male,0
hurt,male,0
higher,male,0
satisfy,male,0
springs,female,0
prefer,male,0
amid,male,0
ease,male,0
ur,male,0
increasingly,male,0
eventually,male,0
prompts,female,0
expectations,male,0
standard,female,0
in-class,male,0
regards,male,0
instance,female,0
limited,female,0
skip,female,0
hey,male,0
continue,male,0
7c,male,0
immensely,female,0
circuit,female,0
tool,male,0
keeping,male,0
believes,female,0
senate,male,0
venogupal,male,0
spaced,female,0
w,male,0
origins,female,0
ratings,male,0
scheduled,male,0
story,female,0
planned,male,0
near,male,0
paid,male,0
includes,female,0
disorganized,male,0
blank,female,0
lesson,male,0
preclass,female,0
options,male,0
76,female,0
quote,female,0
pre-recorded,male,0
paced,female,0
cancelled,female,0
four,male,0
money,female,0
normally,female,0
guest,female,0
contact,female,0
khan,male,0
draw,male,0
python,female,0
including,male,0
screenings,female,0
rude,male,0
16,male,0
stresses,male,0
doctor,female,0
played,female,0
academy,male,0
following,male,0
reach,male,0
correlate,female,0
intelligent,male,0
relations,female,0
self-study,male,0
staying,female,0
2nd,female,0
#,female,0
carefully,male,0
bruin,male,0
korea,female,0
mcdb,male,0
regarding,male,0
recordings,male,0
discouraged,male,0
utilize,female,0
hell,female,0
concerns,female,0
education,male,0
references,female,0
bored,male,0
sentences,female,0
soul,male,0
naturally,male,0
t/f,female,0
owl,male,0
refer,female,0
clarification,male,0
cracks,female,0
news,male,0
confusion,male,0
lady,male,0
sign,male,0
draft,female,0
voice,female,0
interests,female,0
bs,male,0
theatre,female,0
screwed,male,0
92,male,0
hold,female,0
....,female,0
tho,female,0
die,male,0
dropping,male,0
ben,male,0
electric,male,0
instructional,male,0
enjoying,female,0
units,female,0
flipped-classroom,male,0
intuitive,female,0
q,male,0
-if,female,0
adequately,male,0
dedication,male,0
thrown,male,0
gripe,male,0
hr,male,0
48,male,0
shut,male,0
manner,female,0
marks,male,0
stressed,female,0
basics,male,0
highschool,male,0
grad,female,0
nervous,male,0
hot,female,0
31b,male,0
surface,male,0
book/note,male,0
/,male,0
chapter,male,0
powerpoints,male,0
blanked,female,0
seats,male,0
c+,male,0
handout,female,0
maximum,male,0
sapling,female,0
relating,female,0
russian,male,0
expecting,male,0
focuses,male,0
quizes,male,0
wont,female,0
aced,male,0
visualize,male,0
algorithms,female,0
statistical,male,0
prado,male,0
lazazzera,female,0
definitions,male,0
data,female,0
varied,male,0
wrap,male,0
result,female,0
clarifying,male,0
reviewers,male,0
movie,male,0
date,female,0
north,female,0
changes,female,0
disability,male,0
keeps,female,0
tricks,female,0
deb,male,0
